이름,우편번호,주소,상세주소,전화번호,이메일
이은정,37206,전라북도 연천군 백제고분1로 139,예진김신마을,061-821-7288,ijunseo@example.net
최동현,28432,세종특별자치시 광진구 강남대522길 41-1,은정박빌라,055-312-7766,jgim@example.org
류정호,78546,대구광역시 광진구 양재천로 889 (미경김이동),경숙백허타워 168호,061-318-7121,wi@example.net
손민지,08789,경상남도 수원시 영통구 오금6로 7,지훈강타워 397호,064-785-4088,gimsugja@example.net
박지연,77188,세종특별자치시 영등포구 반포대77길 465,도윤류안마을 792호,054-521-5599,ggim@example.net
김영일,79430,부산광역시 송파구 잠실길 지하121,서현최황연립,019-055-6573,icaeweon@example.org
손정식,84259,울산광역시 강남구 도산대로 74,경자김타운,064-766-0139,seunghyeon24@example.com
허성수,37643,경기도 고성군 봉은사27로 481-21,준영최박연립 403호,018-968-6507,gimjeongsun@example.net
고지현,44177,대구광역시 은평구 언주8거리 지하487,서연이김마을,032-596-6902,cseong@example.org
이춘자,93684,경상북도 수원시 양재천88길 591,동현김마을,063-892-7232,jiuo@example.net
김현준,69617,대전광역시 종로구 서초중앙35길 187-83,서영김김아파트,043-236-6431,ojeonghyi@example.org
백진호,51098,인천광역시 영등포구 오금8가 183 (정남이마을),영미이타워 F동 898호,033-422-0297,yunseo41@example.net
황혜진,83920,울산광역시 용산구 반포대023가 141-92 (준영김장읍),주원차이연립,010-7954-5737,wgim@example.net
장정호,62554,대전광역시 동구 영동대로 894-88,성현김아파트 다동 041호,063-884-8903,gimseonyeong@example.net
한상호,93306,부산광역시 강서구 석촌호수로 791-63,정희김김연립 W동 973호,016-803-3645,gimyeonggil@example.com
윤경수,31990,충청남도 안양시 동안구 언주406거리 637-77,지연김최빌라 663호,063-004-6251,tgweon@example.org
이재호,98596,광주광역시 금천구 봉은사734길 706-81 (병철민읍),지훈김고빌라,044-916-2889,gyeongsug08@example.com
강정순,18397,인천광역시 성북구 논현8거리 845,상철이김빌라 027호,031-052-8417,sujin01@example.net
윤선영,71336,대구광역시 강북구 압구정4거리 570-38,준서박김마을,044-275-5899,ijiweon@example.net
이도현,28246,광주광역시 관악구 강남대101거리 지하609 (민석최마을),옥자최황아파트,044-188-9914,migyeong12@example.net
김숙자,54544,제주특별자치도 청주시 흥덕구 반포대1가 162,민서김연립 955호,062-190-1626,isangho@example.net
김병철,38583,강원도 가평군 개포가 629-2,지아이지아파트 마동 508호,061-978-9916,hyeonugim@example.net
양성진,51355,울산광역시 영등포구 양재천가 지하626,수진이김아파트 마동 970호,055-640-8874,yeongsug04@example.org
이숙자,55980,충청남도 홍성군 양재천길 655 (옥순김리),서현최최타운 378호,052-536-2032,seoyeon70@example.net
엄준서,69192,충청남도 아산시 반포대061로 459-39 (영수한마을),지혜박마을 바동 927호,052-856-7017,simhayun@example.net
박은주,26661,강원도 광주시 논현거리 904,진우배타워,062-062-3847,seonghun73@example.net
김수빈,79995,광주광역시 동구 선릉49길 지하55,지우김연립 557호,016-793-4735,jieun92@example.com
문지민,86180,대전광역시 서초구 오금934길 162-25 (명숙김리),지은김이아파트 마동 872호,053-264-4940,ggim@example.com
신영미,20831,부산광역시 광진구 잠실38거리 402 (영수이동),지혜하연립 746호,054-802-3296,byeongceol24@example.com
권영철,81840,대구광역시 금천구 석촌호수가 610 (지아장면),현정서서타워 950호,070-5977-8864,junhyeoggang@example.com
박도현,38620,대전광역시 영등포구 잠실896거리 371-44 (민재이박면),우진이이연립 753호,063-465-4961,minjigim@example.org
임예준,67672,울산광역시 중랑구 역삼거리 951-77,영진김마을,041-534-5138,cgim@example.org
박현우,85446,서울특별시 은평구 삼성로 226-82 (정희김리),옥자한타운 880호,041-650-7169,gangsiu@example.com
엄상호,77694,전라남도 수원시 팔달구 언주0거리 626 (지후김김마을),영희최아파트 L동 648호,043-221-9045,coeseongsu@example.org
한은지,26626,전라남도 제천시 영동대96가 845,아름서타운 723호,061-854-9790,yeongsun84@example.net
이아름,58101,인천광역시 중랑구 개포가 672,은영박타운 O동 365호,02-7992-7687,gangdoyun@example.net
박경숙,05946,강원도 이천시 반포대972길 122 (미영이강동),미정이이빌라 028호,02-8562-5523,eyu@example.com
안영자,95205,부산광역시 강남구 오금487로 552-37,민재진연립,052-606-2876,ogjagim@example.net
이현지,36542,경상남도 안양시 만안구 잠실거리 904,영호김김타워,042-388-6587,junyeong00@example.com
박현주,20861,대구광역시 마포구 학동거리 233 (순자이면),예진신최연립 418호,041-133-8557,yujinjang@example.org
김현우,26423,부산광역시 서구 봉은사5길 340,경숙한빌라,011-934-9069,iujin@example.net
배민석,01415,전라남도 원주시 오금가 154,은서백이연립 126호,043-300-8399,songjongsu@example.org
한채원,53842,경상남도 고양시 덕양구 봉은사55길 860 (영진류읍),재호이김연립,054-150-3363,scoe@example.com
조은경,46438,광주광역시 성북구 강남대59가 749,중수김지아파트 720호,032-402-4934,doyun57@example.org
김시우,32692,경기도 영동군 서초대가 837 (수진홍조마을),수진양최빌라,051-310-3991,vi@example.net
황은주,85326,전라북도 홍성군 잠실24길 431,미숙김한타워,016-361-2796,jaehyeon61@example.com
김영환,05000,광주광역시 종로구 학동96로 666,예원황이마을 962호,044-140-7108,nbag@example.org
정지후,74009,충청북도 제천시 학동거리 187 (영길권마을),지혜박이아파트 V동 558호,032-098-6251,wgang@example.org
김유진,43375,대구광역시 마포구 테헤란거리 345 (은경이김읍),지우권김연립,018-897-5378,subini@example.com
김민석,18167,대전광역시 성북구 오금길 445,영순김타운,051-059-2678,ganggyeonghyi@example.org
박경희,77654,부산광역시 강남구 선릉로 385-15 (미정임김면),정호이타워,070-5861-5800,seoyeon35@example.com
강지후,02584,경상남도 고양시 덕양구 압구정로 25 (성진양동),영길김타워 가동 874호,033-703-7822,jeongsigbaeg@example.org
백준혁,25652,서울특별시 서대문구 석촌호수0거리 465-57 (수민박마을),은경김안마을 V동 307호,031-752-8165,yeonggil01@example.com
김정자,78626,전라북도 부천시 원미구 서초중앙가 766-53 (명자김동),은영이강타워,063-799-4559,jeongogja@example.com
이아름,26449,경상북도 의정부시 양재천길 지하340 (시우강마을),진호이마을 W동 902호,061-670-8721,ki@example.org
김성훈,92360,서울특별시 강동구 삼성거리 949-55 (예진진면),서현김김연립 H동 697호,017-788-8240,ngim@example.com
황보람,74526,경상남도 광명시 석촌호수로 183-64,서윤류빌라,031-596-3935,namsanghun@example.com
양성민,97172,부산광역시 동대문구 백제고분29로 82-47,상훈최아파트 L동 639호,064-785-5357,gimjeongho@example.org
김지현,37118,대전광역시 종로구 백제고분길 지하172,영진강이마을,02-8805-4814,junho50@example.com
이정웅,31178,경상북도 파주시 봉은사가 497-75,순자백박타운 804동 276호,062-298-8899,yunseogim@example.org
이경숙,61061,광주광역시 성동구 학동로 705,지우이박빌라 G동 153호,033-696-3923,seonghuni@example.net
김정희,52113,전라남도 예산군 학동가 385,상현장김타워,043-346-1640,ji@example.net
심지훈,73405,제주특별자치도 공주시 석촌호수5길 58-22,하윤박타운 K동 053호,061-248-6049,junyeong15@example.com
조영순,27335,경기도 강릉시 역삼로 60 (성훈박최동),준영박타운 346호,02-1920-0792,kan@example.net
김지민,75947,경기도 동해시 언주가 지하340,명숙남빌라 986호,070-8011-8242,hyeonjuni@example.com
황성호,57129,경기도 의정부시 테헤란거리 811-66 (경희손마을),지현이정마을,032-022-3273,bi@example.org
이현지,00169,대전광역시 서구 오금거리 873-40 (우진김손리),정희김연립,064-730-3837,gimjeongsug@example.org
강영호,81282,전라북도 안양시 학동13길 36,준서한빌라 337호,064-717-3062,ihaeun@example.com
윤예지,17411,강원도 고양시 덕양구 압구정거리 879-68,영수황빌라 084호,062-080-3550,jeongsungim@example.net
김승현,19027,전라남도 공주시 도산대2거리 953 (우진김동),정웅박심타운,011-915-2167,yeongceolgweon@example.net
김도윤,74375,대구광역시 송파구 서초대048길 지하642,영숙김김타워 R동 354호,041-327-7905,yejicoe@example.com
남미숙,77735,대구광역시 서대문구 압구정5가 지하239 (서영전면),수민배연립 P동 047호,064-794-3918,bagcunja@example.net
이명자,17605,충청북도 당진시 선릉450로 229-6 (영자이읍),경희이타워,011-204-9797,coesanghun@example.com
고정순,04967,충청남도 천안시 동남구 잠실57로 354-10,영환김빌라 602동 255호,019-845-6922,sugjai@example.org
백은영,92497,인천광역시 성동구 반포대8길 932,영수김마을 가동 928호,011-492-3448,seonghyeongim@example.org
강승민,94626,광주광역시 관악구 오금길 81 (서윤김홍동),서현김김아파트 257호,044-292-4757,xhong@example.org
김정수,53704,서울특별시 동대문구 반포대거리 292 (시우윤백면),준호곽연립 964호,042-933-9041,hyeonsug99@example.org
윤상현,17099,경상북도 부여군 역삼가 15 (은지김김면),건우손노빌라 W동 092호,044-538-0803,baggwangsu@example.net
이수빈,39779,경기도 천안시 서북구 개포48길 907,현우최타운 R동 163호,02-3830-7744,dha@example.net
박현우,94787,경상북도 이천시 역삼로 691,광수김타운 629호,051-147-1785,zsin@example.org
강영진,23647,대구광역시 강서구 영동대3로 311-67 (영일신리),예원윤김아파트 G동 161호,052-257-1471,gwagyejun@example.com
권민수,02217,경기도 영월군 가락가 978-59 (준호주박리),상현이마을 947호,043-257-2373,sbag@example.com
김영철,97354,부산광역시 강남구 영동대6로 지하376,광수박빌라 마동 936호,032-703-0835,namseonyeong@example.org
이경희,39698,세종특별자치시 남구 잠실782거리 541-6 (경희최동),숙자김타운,042-898-7076,migyeonggim@example.org
구서준,05783,충청남도 고양시 일산서구 가락가 504-51 (은경최오마을),수민박윤마을,052-127-6481,bagjieun@example.com
김명자,67924,울산광역시 금천구 개포7거리 579 (서윤한이마을),영길권마을,017-612-7289,coejiyeong@example.org
김우진,88550,강원도 이천시 영동대85길 488-91 (정자이리),영길김타운,061-877-2563,ogjai@example.com
김민수,42424,경기도 안성시 석촌호수4거리 65-81 (영길김리),성현박이빌라 551동 088호,061-360-9740,ugim@example.com
박순옥,78312,울산광역시 동대문구 역삼895길 556,준혁이이타운,051-547-3784,sanghun28@example.com
최미영,76403,충청남도 수원시 팔달구 영동대51거리 362,종수김아파트,010-7061-4194,bgim@example.net
장중수,46196,대구광역시 구로구 영동대가 지하727 (은경김읍),옥순김타워 B동 194호,031-653-7514,yeonghyio@example.net
김혜진,37026,경기도 연천군 석촌호수길 지하334,중수이아파트 H동 402호,016-559-9012,vi@example.org
서영수,17297,인천광역시 금천구 오금거리 238-30,정순이연립,032-647-1295,gyeongja12@example.net
이민준,61931,대구광역시 서대문구 양재천로 725-79 (시우김이읍),선영김윤연립 Y동 168호,018-438-3987,seongminbag@example.com
김승현,46467,인천광역시 도봉구 석촌호수014가 650-50,명숙오빌라,042-406-9801,seongseunghyeon@example.org
김정숙,03058,부산광역시 서구 석촌호수길 219-20,광수김김타워 295호,02-4273-6377,yna@example.com
박정웅,28144,광주광역시 북구 도산대거리 793-11,경숙조타운 930호,062-592-9700,uyeongceol@example.net
강정자,35790,세종특별자치시 서초구 선릉거리 402 (은경김박리),예진최빌라,044-982-3506,cgim@example.com
이지영,36820,전라남도 보은군 강남대440거리 390,경숙강김아파트,061-818-9728,zgim@example.org
박민서,51343,서울특별시 서대문구 언주로 23 (하은고면),옥자이이마을 929호,054-854-6145,sunog16@example.net
강혜진,22333,대구광역시 관악구 봉은사로 641 (민수김마을),보람김타운 876호,042-098-1774,jihyehwang@example.com
윤은서,29943,경기도 계룡시 역삼9가 지하843 (춘자박면),은서윤타운,051-039-5045,juweongang@example.org
김경자,82162,전라남도 부천시 오금로 641-64 (우진송동),민서정타운,061-932-2257,oyang@example.com
이옥순,19431,대전광역시 남구 압구정852거리 59,하은우이빌라 911호,061-997-4861,gangjihye@example.org
최채원,75234,인천광역시 남구 서초대길 725-34,성수이빌라 181호,043-500-0066,zi@example.com
이성수,54411,경상남도 안양시 삼성거리 718-42 (진우강동),예은김타워,042-350-4835,ni@example.com
백준호,54773,광주광역시 송파구 선릉059길 330 (준혁이송마을),수민백김마을 S동 139호,043-058-7227,mundonghyeon@example.com
장정희,62551,서울특별시 금천구 선릉547거리 873-80,준서황빌라 L동 002호,054-801-1631,jeonhaeun@example.net
최영길,78622,광주광역시 강동구 가락로 125 (지영송읍),옥순고엄타워 N동 721호,062-476-8374,gyeongsu55@example.net
김성수,85796,경상북도 용인시 처인구 잠실길 730,예은박연립 690호,041-985-4898,jgang@example.com
최은정,27248,부산광역시 동대문구 언주14길 723 (은주성읍),지훈이타워 O동 685호,011-404-8328,seoyuni@example.com
권현준,56411,대구광역시 양천구 개포가 584-94 (재현이마을),서연김타워 125호,02-9986-4428,jeongung95@example.net
김미경,73033,경기도 수원시 권선구 개포거리 837 (미영박면),정웅이박아파트 420호,061-337-0369,yeongsiggim@example.com
이숙자,86140,충청북도 영동군 강남대길 668-63,승민박마을 바동 280호,032-195-6748,jeongjagim@example.org
윤도현,60271,충청남도 남양주시 석촌호수3로 448-41 (옥순이이동),영환서이마을,016-002-8334,seoyeonseo@example.org
이은경,90580,충청북도 용인시 학동가 362-8 (미경서읍),민지안고빌라 378호,019-240-9488,jeongjahong@example.com
류병철,09333,서울특별시 구로구 논현가 771-83 (은지백김동),민준이성타운 778호,043-085-8730,seoyeong54@example.com
권현숙,09129,부산광역시 서구 반포대로 지하356,영수주전타워 704호,054-624-0023,junhyeoggim@example.net
윤성호,44832,경기도 원주시 압구정가 427 (정순최리),지연이타워 124호,010-9220-9311,siu66@example.net
이성훈,76128,경상남도 김포시 오금08길 125 (성호박마을),명자류김빌라,010-1295-4348,hongseonghun@example.com
박은서,19669,광주광역시 성북구 서초중앙89길 지하370 (준호심이동),채원김연립,019-603-4797,minseog35@example.org
이동현,55473,대구광역시 관악구 선릉1길 591-65,영호이타워 가동 131호,061-813-2368,hwangseohyeon@example.net
이수빈,43192,대구광역시 북구 강남대091로 640,예준김유타운 142호,011-978-7827,jiweongweon@example.net
류숙자,39242,전라남도 음성군 잠실로 14,지원김아파트 532호,041-910-3681,gimminsu@example.net
김서연,48830,광주광역시 은평구 가락753길 186-32,미정류아파트,031-899-0520,yeongsu90@example.net
김선영,69447,전라북도 옥천군 역삼0거리 936 (예지김면),은서서타워 T동 103호,044-755-0106,xyang@example.org
최선영,56522,충청남도 오산시 학동55거리 670,예원나연립 Z동 040호,033-432-0543,ugim@example.net
한수진,38054,울산광역시 성북구 석촌호수가 87,미영권빌라 R동 223호,011-185-8512,gimjeongung@example.com
김은주,60478,울산광역시 구로구 서초대가 760-55 (광수임서리),현숙안박연립 107호,02-1714-8891,jinugim@example.org
김서준,86971,광주광역시 금천구 선릉길 121-50,정웅김김빌라 652호,051-076-6840,ogjagim@example.org
고민준,81978,부산광역시 영등포구 봉은사가 682 (아름박마을),영순이김타운 P동 204호,064-788-8933,bagyeji@example.org
김영환,09278,제주특별자치도 수원시 팔달구 서초중앙8거리 583-14,보람한연립 681호,053-107-9751,goyeongsug@example.com
김영수,14005,강원도 평창군 역삼650길 556-42,서윤최연립 273호,011-895-1833,jongsu28@example.org
이영자,10051,인천광역시 은평구 압구정69가 지하195 (지혜박리),현우이김연립 가동 069호,010-8899-9136,seojunan@example.net
손광수,78314,광주광역시 동대문구 서초대거리 지하516 (명자박오읍),정식안타운 755호,052-185-7400,seungmingim@example.net
이경자,69974,인천광역시 영등포구 개포9로 794-9 (경숙박마을),선영강박빌라,054-595-5754,gangjunseo@example.net
김지원,83064,서울특별시 서초구 오금길 539 (춘자하리),종수이구마을 W동 541호,052-020-5360,junhyeogi@example.com
한영호,36207,충청북도 제천시 양재천931로 지하138,명자강김아파트,017-342-6685,bageunyeong@example.net
박승민,70331,제주특별자치도 당진시 역삼로 951-49,옥순안타워,018-316-6715,ujin61@example.org
김영철,38050,경상남도 구리시 석촌호수663거리 지하713,정순장오빌라,017-052-4974,hyeonju94@example.org
김은지,05069,전라북도 부천시 오정구 봉은사가 871 (상철김읍),중수이아파트,061-749-6598,songjihye@example.net
서경숙,34199,충청남도 파주시 압구정452가 440-6 (영길김성동),성현김타워 R동 731호,044-358-3947,rbag@example.org
박현정,17092,전라남도 고양시 일산동구 봉은사1가 818 (지민배김면),영자김아파트 S동 757호,010-8133-7391,guyeongsun@example.net
김진우,62690,대전광역시 성북구 잠실893길 335,종수최이빌라,041-494-3562,seoyeongi@example.org
김성민,29959,경상남도 철원군 논현71길 357-16 (아름김동),선영김빌라 O동 678호,061-776-1157,sgweon@example.com
주정웅,06672,경상북도 태백시 논현363길 362-35 (현지최김동),예진고박연립 Q동 801호,02-3557-9089,hyeonjii@example.org
김진우,20849,강원도 태안군 논현가 431,서현박서아파트,070-5156-3681,yunseohong@example.org
이은정,14167,충청남도 동두천시 오금1길 413 (영자김윤읍),재현김김타운 Q동 164호,053-944-5135,boram74@example.org
김병철,09319,대전광역시 동구 서초대길 890 (아름노동),준영김차아파트,041-348-5303,yujinbag@example.com
김성호,31301,경상남도 안양시 만안구 잠실168가 861 (현정이리),미경김타운 J동 237호,055-372-3728,yujin56@example.net
이보람,24812,대구광역시 북구 영동대길 780-99,은서최이마을 021호,053-896-5398,yeongsusong@example.com
이경희,13200,강원도 고양시 반포대가 797 (수민김리),재현김연립,052-488-7952,ygim@example.org
박순자,42238,부산광역시 송파구 테헤란가 지하443,예원이빌라 655호,02-9415-8409,anyeongsig@example.com
박아름,69121,인천광역시 북구 오금277길 538 (주원김김마을),선영권송타워 가동 613호,017-901-4526,cunjagim@example.net
이현우,95580,인천광역시 강남구 도산대485길 171-75,상철김윤마을 I동 799호,053-462-3713,rgim@example.com
김명자,03334,대구광역시 성북구 봉은사거리 571-38,예준김빌라 185호,051-454-9209,yeongmi50@example.org
박재호,12226,경기도 괴산군 논현2가 649-25,예진이빌라,064-772-9664,yeji96@example.net
김서준,56227,전라북도 부여군 오금로 610 (지현김안마을),하윤이타운 432동 058호,02-3210-0547,qgim@example.net
이하윤,86673,서울특별시 동작구 반포대거리 351,예지김타운,041-396-4854,gyeonghyi15@example.org
황미영,92369,부산광역시 강동구 선릉로 262-98 (유진지면),은서전김아파트 807호,016-522-2154,jeongungcoe@example.com
이은지,89129,울산광역시 은평구 양재천가 412-71,옥자김김타운 M동 269호,011-296-6425,gimjeongsu@example.com
이민재,02578,울산광역시 중구 영동대거리 696,준영이타운 D동 695호,043-988-0381,ggim@example.net
박정웅,48414,광주광역시 서구 선릉7로 278,준서하박타워 559호,019-201-0460,vyun@example.org
이상호,47929,세종특별자치시 양천구 언주거리 지하711 (예원배최동),민서박김아파트,053-103-0219,yejii@example.com
박영호,18846,인천광역시 성동구 반포대로 580,예준안주아파트,031-413-0584,abag@example.org
최건우,34568,강원도 청주시 흥덕구 봉은사02거리 지하894 (경희서이리),채원배연립 마동 514호,02-8953-3720,seunghyeongim@example.org
박보람,78175,서울특별시 서초구 테헤란202로 423 (은주김김면),승현김서연립 V동 255호,054-120-7946,gimjongsu@example.net
김정희,51849,충청남도 서천군 테헤란315로 306-5 (정남한이리),영자손이타워 V동 834호,02-6738-8407,iseoyeon@example.net
김주원,95001,충청북도 고양시 일산동구 언주거리 210 (명자곽리),영미김이타운 137호,053-251-7101,eunji69@example.com
이승현,62445,강원도 강릉시 논현거리 501-76 (영환이면),민지이류타운 A동 220호,032-001-7157,janghyeonju@example.net
송재현,81641,강원도 계룡시 반포대05가 643-18,영미김이마을,033-717-0110,bagjihye@example.org
송중수,34312,인천광역시 강서구 압구정31길 520-30,예진송송타운 X동 477호,019-983-2529,sangho39@example.net
심영수,73804,세종특별자치시 관악구 서초대길 110,병철최아파트 라동 893호,063-422-1989,jiweoncoe@example.com
박숙자,95507,강원도 홍성군 봉은사거리 218,민석최마을 657호,052-112-4428,geonu55@example.net
민수민,68411,울산광역시 서초구 도산대8로 502,선영김이아파트,018-313-3256,mbag@example.com
이은주,43594,충청북도 양주시 학동로 지하318,수빈구지타워,063-602-8807,yeonggili@example.org
박미숙,37749,경상북도 인제군 봉은사68가 34-66,정희이연립,062-543-9359,lhong@example.org
박정웅,64615,울산광역시 남구 반포대거리 544 (숙자구박읍),광수이이연립 335호,041-718-8715,juweono@example.com
박서연,67301,경상남도 이천시 삼성27길 790,영호김아파트,053-184-7973,borami@example.org
이영미,83226,대구광역시 서초구 삼성거리 132 (영길황면),정남김타운,044-796-6005,boram19@example.net
이종수,31164,서울특별시 송파구 봉은사로 895,영자구류아파트,017-813-4282,yejibag@example.com
강정훈,98839,인천광역시 광진구 양재천179가 499-38,준영김타운 라동 222호,051-254-4249,ijinho@example.com
남하은,86865,경기도 양양군 학동길 182-64 (민서김박읍),지은이타운 Z동 239호,018-600-1555,seunghyeonbag@example.com
최성진,64911,전라북도 수원시 테헤란가 528,지후오빌라 F동 670호,055-145-6293,hayun79@example.org
황현우,51842,대전광역시 은평구 선릉거리 919 (현지김전리),미정장엄타워 A동 735호,019-364-0738,gyeonghyigim@example.com
최민서,41699,서울특별시 동작구 가락646길 786 (준혁이김리),성수이아파트 676호,061-611-4021,ggim@example.com
안명자,99531,광주광역시 용산구 도산대925로 지하26,정순박이빌라,016-178-4257,isubin@example.com
김성진,53491,경상북도 하남시 서초중앙821길 14,유진박김연립 U동 589호,041-674-9773,rgim@example.com
김재호,95678,광주광역시 서초구 봉은사40길 139 (민재최한마을),은경김연립 038호,017-428-4688,pgim@example.net
김성진,21237,경기도 정선군 삼성0길 155,건우윤김타워 N동 663호,063-813-3339,ganggyeonghyi@example.com
박미숙,25417,부산광역시 성북구 선릉거리 998-86 (병철박양읍),춘자김김연립 R동 760호,062-932-9144,jaehoi@example.com
김하윤,56077,광주광역시 은평구 백제고분06거리 979,민재최타워 412호,041-297-6624,gyeonghyi26@example.net
김승현,32800,경상북도 고양시 덕양구 반포대6가 655 (광수노동),성진김김연립 F동 159호,043-743-3618,minjaei@example.com
민미정,53076,서울특별시 성동구 도산대거리 621-52 (미정남동),영미김타워 456호,064-744-7734,jiao@example.net
홍영수,23934,경상북도 영동군 논현길 923-80 (광수최김면),현준이아파트 167호,011-488-9746,ogsun96@example.com
김지우,80075,전라북도 안산시 단원구 서초대0로 69,은지양연립 Q동 344호,02-2370-6339,seonghyeonhan@example.net
진상철,16986,강원도 양양군 영동대2길 939-54,영길손타운 537호,061-393-1277,hyeonu29@example.net
성정자,33233,강원도 수원시 팔달구 테헤란3거리 지하782,정희이타운 341호,070-9181-6727,li@example.net
최윤서,94281,대구광역시 서구 석촌호수가 지하858,성훈김김아파트 J동 971호,051-808-2308,gyang@example.net
김은지,70138,경상북도 천안시 서북구 테헤란5가 446,정호한타운 다동 932호,041-875-1429,jeongsuni@example.org
김영숙,69222,대구광역시 서대문구 백제고분237로 546-50,정희고김마을,064-745-6236,gimdoyun@example.com
윤진우,15093,경기도 연천군 도산대372가 489,혜진허김타워 630호,063-253-1501,bi@example.net
하지훈,70941,경기도 가평군 도산대192거리 560,영진우마을,042-273-6760,hongsunja@example.org
허정식,65639,광주광역시 영등포구 개포9가 206-77,우진홍김타워,044-962-8794,hwangyeongsig@example.org
안승현,97744,충청북도 남양주시 잠실1길 677,진호강아파트 K동 888호,052-325-7440,lgang@example.com
김준영,17152,충청남도 음성군 석촌호수0길 154,지민오연립 E동 564호,032-340-8259,misugbag@example.com
최성현,17480,충청남도 연천군 삼성7거리 264-34,경숙이타워 646호,054-713-6049,ngim@example.com
류명숙,43445,인천광역시 동대문구 서초중앙78가 203-41,영일최김타워 074호,011-438-6514,jiu05@example.org
정준영,18871,충청북도 증평군 역삼가 303 (미경송윤동),재현김연립 803호,033-545-8758,gimminjae@example.org
노순자,77044,충청남도 괴산군 오금23가 609 (춘자강권읍),서영김아파트 O동 069호,051-406-1535,eunyeonggim@example.net
김성훈,98473,충청북도 고양시 덕양구 논현로 926 (지아김김동),정순강타운,070-1706-4980,miyeong98@example.com
박경수,26211,충청북도 원주시 반포대거리 951,준서김이빌라 182호,031-862-2510,munminseog@example.org
김하윤,50004,경상북도 안양시 만안구 잠실거리 881-73,지혜김연립,032-611-0513,di@example.net
최영호,34768,전라북도 오산시 서초대로 883-5 (건우윤엄읍),영호김김타워,031-144-8323,gimseohyeon@example.com
김상현,55425,대구광역시 구로구 잠실가 265 (하윤곽이마을),경숙장박빌라,051-173-1905,gangjongsu@example.org
주서연,53734,울산광역시 광진구 언주3가 347-42 (영호황동),숙자오오연립 669호,064-706-0989,jihun13@example.com
김영호,92733,인천광역시 강남구 오금거리 949-77 (수진박읍),지민오김빌라 G동 372호,041-515-8116,yeweon22@example.org
김종수,54736,광주광역시 동구 오금거리 605,경희최아파트,055-264-5370,igim@example.net
문정순,63252,인천광역시 서구 삼성3가 308 (정숙오면),영순송남빌라,02-1852-4837,yejinsong@example.org
조아름,91604,대구광역시 중구 테헤란174길 218,승현차박아파트,031-172-3771,ebag@example.com
최상훈,14158,서울특별시 광진구 봉은사93거리 404-8,정수윤서빌라 014호,051-350-2155,myeongsugi@example.org
윤서준,64094,세종특별자치시 용산구 테헤란645로 114,경숙박아파트,052-420-7730,seongsugim@example.org
김상훈,23096,경기도 인제군 역삼길 681,영숙김빌라 063호,052-482-6498,seonyeong28@example.org
윤정자,69831,경기도 고성군 압구정로 44,예지우권타운 Z동 010호,033-015-4784,minjun45@example.net
김준호,65079,경상북도 의정부시 서초중앙거리 지하527,지아김타운 C동 984호,011-151-6208,ogim@example.com
김민준,90240,울산광역시 성북구 가락로 484-45 (영식박면),민석박연립,061-585-4200,gimyeweon@example.org
김지훈,90297,제주특별자치도 수원시 영통구 잠실550길 940-92 (성수김김마을),진우황노빌라 C동 321호,051-874-2136,misuggim@example.net
백광수,84322,대전광역시 성동구 학동길 862-84 (미경윤읍),지현이연립 U동 296호,061-931-9978,jihugim@example.com
이정수,56489,울산광역시 서초구 서초대길 309-27,아름이타워 D동 702호,044-938-0691,yeonghohong@example.net
김상훈,27934,세종특별자치시 중랑구 학동거리 626 (춘자이마을),정수김빌라 나동 120호,032-867-1708,qbag@example.com
이도현,26249,경상남도 수원시 권선구 반포대길 지하487,숙자김류타워,018-435-7365,iyeongsug@example.org
안지후,37379,전라남도 고양시 덕양구 가락7거리 357,영길이양타워 725호,053-554-5640,ujin43@example.org
김서윤,98886,전라북도 예산군 개포길 561-69 (옥순이읍),병철이김마을 38동 805호,070-8702-7613,fjo@example.com
최민서,89246,광주광역시 영등포구 오금길 919-37,영철김장빌라,064-754-1358,jihyeon54@example.com
박순자,49876,인천광역시 중구 서초중앙로 518-15,예원김김빌라 293호,041-006-1620,seoyunjang@example.com
이도윤,61199,경상북도 양양군 압구정99길 754-63,재호남마을,070-1446-3587,ganghyeonji@example.org
한정훈,85544,대전광역시 강남구 가락거리 지하263 (성수김문동),유진이임타워 G동 719호,052-340-7132,dseo@example.org
안민석,28504,경상북도 용인시 서초중앙0거리 784-38,지우김마을,032-673-8470,ygim@example.com
강민수,31168,경상북도 동해시 석촌호수길 930-99,지연장백마을 975호,042-363-9976,sbag@example.org
류영숙,57303,경상남도 용인시 기흥구 언주로 833-79 (미경한손면),재호김타워,070-1510-5530,yunseongsu@example.com
김경자,96274,충청북도 정선군 강남대가 93-96,유진김마을 J동 872호,052-008-8634,seonyeonggang@example.com
이예준,67819,대전광역시 남구 압구정거리 789 (지영박이읍),서윤이한마을,061-934-8360,gimsunog@example.org
송경자,55655,광주광역시 송파구 석촌호수길 467-55 (영일장김면),영수이김타워 800호,044-263-4489,sunog63@example.org
김혜진,90382,울산광역시 동작구 테헤란22거리 275-52,상훈박빌라 364호,062-232-3969,seonghyeongim@example.org
박옥순,38718,전라북도 증평군 잠실길 605-25 (영수최마을),춘자손타워 U동 035호,011-603-6319,junhyeoggim@example.com
백서영,52580,경상북도 평택시 선릉가 지하491 (주원엄박동),준영김타워,010-3203-1856,jihunbag@example.net
황영자,53911,부산광역시 남구 논현882가 41,영길이최아파트 305호,063-689-1870,areumgim@example.net
이준혁,26520,대구광역시 강동구 압구정9가 616 (재호주서동),준호이타워,010-3913-1817,wi@example.org
박성민,64673,경상북도 영월군 잠실가 357-85 (지아심이마을),수빈서문빌라,052-078-9250,mijeongi@example.net
서하윤,57797,부산광역시 영등포구 논현로 604 (민재심최리),민석김최타운 C동 709호,061-275-4646,qbag@example.com
김은영,74642,서울특별시 도봉구 삼성6길 749-57 (도윤전읍),서윤김이빌라 486호,044-471-7967,yeongsu46@example.net
조지연,02379,경상북도 단양군 테헤란가 586,중수이아파트,032-245-5384,yunseoryu@example.net
성성진,10240,충청남도 청주시 상당구 학동길 444-50,영길황김빌라 877호,044-360-6133,gyeonghyi08@example.org
박준서,44844,부산광역시 양천구 영동대로 148 (정순송동),예은오아파트 F동 429호,053-644-4096,jeongsug86@example.org
최은정,36721,경기도 양주시 영동대020가 150-28 (은지오오읍),정숙백이마을 Z동 915호,018-261-2395,imseongsu@example.org
김종수,11398,경기도 하남시 강남대로 43-24 (성호김박동),상호김타운 P동 050호,02-0013-4201,gimeunji@example.org
구미영,13121,대구광역시 관악구 영동대65길 553,광수이이타워 836동 658호,041-643-5812,gimseoyeong@example.org
이영일,32332,대구광역시 강북구 오금55길 216 (은주이이마을),보람김연립 248호,064-746-1222,jiyeon25@example.org
이건우,52810,울산광역시 도봉구 삼성6가 186 (성현고동),은주김빌라,064-771-7336,lgim@example.com
이정순,22504,울산광역시 동구 반포대가 지하445 (예원박마을),영희박아파트,031-109-5574,jihyeo@example.org
최예원,84493,인천광역시 구로구 역삼거리 838 (수진이윤읍),영진배타운,017-397-0920,iyeonggil@example.net
박명자,86511,경기도 강릉시 도산대거리 534 (진호이마을),동현엄이빌라 438호,051-500-3866,jeonghun49@example.org
전지아,43382,경상북도 수원시 석촌호수로 173 (준영이류리),병철이마을 A동 117호,043-685-7403,ijeongsug@example.com
성명숙,54214,광주광역시 북구 역삼거리 689 (상철신마을),정숙김마을 D동 142호,018-173-1711,lgim@example.net
박지아,26735,대전광역시 노원구 잠실길 지하750 (미영이김마을),예지주김연립 161호,011-291-7917,junhyeog05@example.com
김성호,33278,서울특별시 남구 잠실8가 708,현준김타워 Y동 679호,064-789-4688,yeongsug62@example.org
이미숙,75388,경기도 고양시 영동대7가 지하99 (예진이리),준호김타운 899호,044-533-0785,zu@example.net
김영미,42449,부산광역시 서대문구 서초대가 669,영길이타워 D동 592호,053-867-5535,junhyeog84@example.com
최영미,03781,경상남도 강릉시 언주거리 164 (진우이면),윤서이오아파트,055-642-8259,junhogim@example.net
류상훈,19670,전라남도 수원시 영통구 서초대길 지하72 (우진김면),정식전문아파트 B동 122호,070-8799-9772,junyeonghan@example.com
장도현,86398,제주특별자치도 동두천시 논현로 106,정호김박타운 636호,042-863-0940,gwagsunja@example.com
정영수,18232,경상북도 제천시 잠실로 673 (정희서마을),지민김이타워 080호,062-555-3272,ngim@example.com
고미정,24840,부산광역시 영등포구 테헤란149거리 395-38,서연김아파트,042-603-2333,jeongung77@example.com
최영길,38135,대전광역시 금천구 영동대49길 606 (성훈김장마을),정순강장타운,033-951-6700,lo@example.com
김수진,83618,부산광역시 마포구 테헤란로 265-33 (순옥이이동),아름이서연립,044-498-9690,sunja39@example.org
윤민석,93084,서울특별시 마포구 언주길 270,종수한연립 823호,033-795-0123,gimjunyeong@example.org
김지현,02456,대구광역시 도봉구 학동43로 614 (중수김김동),은정류이빌라 U동 365호,019-473-0026,hyeonjeong64@example.com
최현준,41959,울산광역시 남구 도산대7거리 63,은영이타워 라동 195호,062-968-9526,hyeonjigim@example.net
김미정,44716,충청북도 용인시 수지구 양재천881길 489 (경수김리),선영이아파트,063-705-0367,sunoggim@example.com
김현숙,93599,충청남도 성남시 분당구 테헤란길 753-3 (명숙최나동),상훈김타워 R동 664호,031-313-4548,siuju@example.net
김승민,70413,경기도 당진시 학동가 239,경희김빌라 X동 010호,017-540-1966,yeji59@example.net
오준서,14607,강원도 단양군 역삼로 911-93 (아름김마을),수진최연립 M동 763호,044-440-9650,seonghun68@example.com
서정자,94838,충청남도 안성시 서초중앙거리 275-44 (도현박권면),현숙김이타운 455호,055-102-1035,gimseongmin@example.org
이승현,18660,충청남도 철원군 양재천길 349 (경수곽우리),옥순김김마을 A동 079호,062-022-7823,jiyeongi@example.org
이진호,11952,경기도 안성시 봉은사72가 34-48 (영호양김면),상철김조마을 Y동 509호,054-610-3436,iyejin@example.net
이성훈,89461,경상남도 군포시 삼성2길 902 (유진양면),민준임서빌라 W동 890호,016-274-1346,migyeong44@example.com
황준호,19503,충청북도 부천시 소사구 테헤란거리 165-59 (민석이한동),서영김손타운 143호,055-707-7857,gimbyeongceol@example.org
박하윤,25259,울산광역시 마포구 가락길 지하567 (정희김읍),정수박김타운,062-912-0954,iyeongjin@example.org
이민석,31275,세종특별자치시 성동구 강남대772로 808 (하은황읍),시우양조타운 다동 051호,070-6043-5827,xi@example.org
허영환,79319,충청북도 안산시 단원구 역삼96가 101,수민이연립 나동 995호,055-696-4971,jungsubag@example.com
이성호,00063,광주광역시 마포구 테헤란로 696-39 (동현권김동),서영김타워 바동 179호,032-516-8400,jungsu45@example.net
서유진,46696,서울특별시 영등포구 도산대거리 26 (보람이류리),지우김아파트,052-807-7305,fi@example.org
이정자,89374,강원도 과천시 서초대436길 19,명숙최타운 N동 305호,032-896-2809,caeweonjang@example.net
박현준,17101,울산광역시 송파구 서초중앙가 667-94 (미영심리),현주양타워,016-667-6915,yejini@example.org
이서영,83591,제주특별자치도 성남시 분당구 반포대21로 969,영환최타운 V동 631호,044-293-6126,gimyeongho@example.com
오서윤,29890,충청북도 안산시 단원구 봉은사80거리 686-69 (지훈박김면),미영김최빌라 V동 504호,031-413-5819,mi@example.net
노성진,58923,서울특별시 은평구 반포대246가 662 (현정이박리),지현이이마을 D동 427호,070-5805-8023,gimseongjin@example.net
김준호,15451,세종특별자치시 노원구 삼성길 708 (준호박강마을),은지구이타운,053-490-0741,jungsu69@example.org
홍서현,01889,경상남도 과천시 서초중앙53길 535-61 (영호남면),미정김장마을 D동 212호,017-171-0458,hbag@example.net
김명자,47927,대전광역시 북구 학동19길 66 (정숙조서리),영일지마을 038호,018-656-0346,minseo35@example.net
최지아,02168,서울특별시 동작구 영동대5로 654-41,재현이타워 838호,043-700-6095,igim@example.net
김현숙,93673,경상남도 공주시 테헤란8길 152 (재호김이마을),아름박김타워 X동 418호,051-491-2730,yeongceol78@example.com
이지후,02946,인천광역시 중랑구 강남대가 655,지우지연립,051-549-8948,sunog86@example.net
장미숙,37987,전라남도 부여군 석촌호수3거리 876,지영최연립 754호,063-286-8788,gimseohyeon@example.org
박지원,51584,전라북도 수원시 팔달구 학동거리 360-89 (수빈곽박읍),수진박아파트 Z동 331호,033-596-0910,jaehoseo@example.org
윤동현,93132,광주광역시 서구 서초중앙로 228 (민준강손마을),재호홍이아파트,070-8929-3574,cgweon@example.org
양진우,91745,전라북도 청양군 서초대7로 790-16,건우박타운,051-470-6895,ihyejin@example.org
김민지,42079,전라남도 안산시 상록구 삼성17거리 853,시우김마을,054-674-8547,yeongjai@example.net
박민재,43114,경상북도 양양군 반포대14로 790-75 (경수한읍),은경이황연립,041-681-0788,jeongsun35@example.org
박옥자,90328,강원도 안양시 만안구 오금33길 132,상호김타워 마동 260호,017-601-5275,yejungim@example.org
김춘자,77477,세종특별자치시 서초구 선릉가 232,명자엄김마을 265호,054-255-8773,jieuni@example.org
안승현,18018,대전광역시 강북구 오금2길 726-5,성현이타워,043-281-0175,seonghyeonbag@example.com
남현지,71301,광주광역시 중구 선릉1로 899,은영김안아파트,062-020-4710,seoyeong53@example.com
심예진,47123,전라북도 청주시 흥덕구 역삼길 지하550,정수박빌라 012호,011-150-9247,sgim@example.net
김예은,25316,경기도 보은군 봉은사가 658 (상호서마을),서윤한타워 088호,011-833-7483,seonyeong52@example.org
홍준영,47119,전라북도 구리시 양재천77길 309,순옥장이빌라,053-368-8925,tgim@example.org
양상현,43121,경기도 단양군 서초대944거리 948-73 (영수김마을),영자박연립 652호,042-912-8825,rbag@example.com
박채원,74761,충청남도 남양주시 백제고분가 515 (상현윤동),정순정타운 B동 559호,032-659-9417,qu@example.com
최서영,95402,세종특별자치시 강서구 반포대가 542 (병철권읍),지훈박김타워 Q동 628호,011-961-6570,isiu@example.org
오영식,87126,서울특별시 은평구 학동6거리 624 (상철안동),유진김빌라 802호,041-373-0397,bagsiu@example.com
안상훈,31321,광주광역시 성북구 학동3가 916,미숙민이아파트 B동 659호,043-434-1128,bagseonghun@example.net
김지훈,73662,세종특별자치시 남구 테헤란2가 939,도윤김타워 088호,011-488-4570,jimini@example.org
김경자,05220,충청북도 여주시 도산대67길 785,지훈이허마을 나동 229호,032-362-1305,xgim@example.org
고은지,70572,세종특별자치시 동구 테헤란로 439,은경유아파트,019-886-5590,qgim@example.com
박현주,18517,대전광역시 남구 석촌호수8로 249 (광수김마을),선영이연립 바동 227호,051-165-7557,gimjihye@example.net
이유진,64146,인천광역시 마포구 반포대가 766-18,민석김빌라,031-668-4409,simyeonggil@example.com
박미숙,07441,인천광역시 관악구 논현79길 962-18,지영양안타워 O동 940호,054-313-1792,seoyeonggang@example.com
김영환,31450,서울특별시 남구 테헤란36로 지하807,영수고김연립 433호,017-329-9070,jgim@example.org
나성훈,24618,제주특별자치도 연천군 언주길 31-33 (준혁손읍),지우양지빌라,041-066-4514,junseoyang@example.net
박상철,08636,경상남도 부천시 오정구 백제고분거리 566-96,지훈최남빌라,054-927-9566,eunyeongsong@example.com
박보람,02445,강원도 음성군 영동대733가 308,예준안임마을,042-367-9660,bagujin@example.com
박경수,37839,서울특별시 성동구 논현거리 739 (시우김이면),영미김김마을 586호,070-5008-1167,coejunyeong@example.net
최채원,60616,경상남도 안양시 동안구 개포087길 536,도윤김빌라,042-152-8019,yeongceol92@example.com
이영환,51079,충청남도 파주시 반포대47로 200 (은정김동),승현이타운 288호,02-0447-1172,xyun@example.org
송정호,74013,제주특별자치도 여주시 테헤란로 398-79 (준영김권마을),선영김타워 553호,02-2805-4002,co@example.com
김지혜,53395,경상남도 김포시 압구정로 582-99,도윤김박아파트 16동 021호,064-747-7283,seongsu88@example.org
이진호,24590,전라남도 양주시 서초중앙251가 161,민수류아파트 513호,017-276-6047,gyeonghyijeon@example.com
김영수,61183,광주광역시 광진구 강남대가 610-73 (정호고노마을),하은박손마을,02-2531-8802,seohyeongim@example.com
박숙자,68197,서울특별시 동작구 선릉로 748 (하윤권엄면),예준이김아파트 Z동 578호,017-285-1739,songdoyun@example.org
손수민,18769,강원도 옥천군 서초대가 702,은지이아파트 976호,041-610-0558,bsong@example.com
박현준,20008,경기도 청양군 서초중앙로 929-17,민서오김연립 V동 460호,062-509-8117,hcoe@example.com
이상호,87927,울산광역시 용산구 테헤란길 571 (민수박동),예준이빌라 713호,064-723-3988,qgim@example.net
고민재,96411,경상남도 서천군 논현길 88-41 (윤서윤면),영호허황마을 933호,055-975-4332,lcoe@example.net
성미경,60673,대구광역시 남구 압구정3가 722-83 (아름김마을),광수윤마을,044-436-6298,jimingim@example.org
노정남,51588,서울특별시 강동구 테헤란길 291-9 (영진이동),민재유마을 342호,061-575-6453,sugjajeong@example.com
황성수,00923,충청남도 남양주시 선릉8거리 465,정숙최빌라 라동 211호,010-5784-6294,jangyeongil@example.net
김현주,79279,부산광역시 양천구 테헤란길 893,영길장김아파트 A동 312호,019-824-1897,gogyeongsug@example.com
박윤서,95854,서울특별시 영등포구 양재천18가 213 (진호박박읍),지우박연립 813호,018-847-9513,jangjihyeon@example.com
정은지,31817,경상남도 괴산군 언주로 633 (준호김김읍),현우양연립 X동 615호,070-3906-2373,sgim@example.org
최정자,62147,충청남도 영월군 압구정9거리 893,상호이오빌라,042-217-2529,ocoe@example.org
백보람,71628,대구광역시 중랑구 가락길 328 (미숙박읍),정훈김아파트 238동 844호,010-8065-5396,ji@example.com
이영진,96527,울산광역시 강남구 오금길 818 (지영이양읍),현숙권타운 424호,017-981-3658,uyun@example.org
박은영,65905,충청북도 안양시 만안구 잠실길 696,미숙김아파트 Q동 720호,042-028-6120,dgim@example.net
이서현,08996,대구광역시 서대문구 잠실거리 403-97,동현심송타운,010-5207-0387,ecoe@example.org
장은경,92771,전라북도 공주시 도산대길 873,영자전연립 마동 115호,041-745-2045,misugo@example.net
나성진,16852,경상남도 금산군 도산대거리 689,하은이곽타워,070-8195-7999,gimhyeonji@example.com
김현주,98628,전라북도 충주시 압구정거리 966-88,우진김유타운 526호,02-3613-8175,vgim@example.net
김지원,25015,경기도 서천군 역삼가 560 (은서이강리),수빈강타워 829호,051-233-3983,gimyeongil@example.org
윤진호,25008,부산광역시 종로구 양재천길 315,영미윤장마을,070-0326-9948,geonujang@example.com
박은정,83645,서울특별시 서초구 반포대길 471 (혜진김면),지영문연립 바동 136호,061-032-6587,yeeuni@example.net
윤영일,58714,인천광역시 송파구 석촌호수로 635,재호이박아파트 A동 673호,043-254-3647,jeongungcoe@example.net
최민서,44373,세종특별자치시 동대문구 서초대89길 964,예진김아파트 066호,042-376-3273,yeji95@example.net
정예준,09253,전라남도 양구군 언주가 359-40,영호곽신연립,043-304-9308,tgang@example.com
배영진,14350,울산광역시 구로구 압구정00거리 218,지우강최아파트 459호,042-919-4583,gimhaeun@example.com
김성수,72842,대전광역시 동작구 반포대91길 620 (정수김박읍),영희이타워 Y동 487호,053-068-1601,misugyun@example.org
박병철,39255,부산광역시 북구 반포대338로 51 (경자문류동),서현김김아파트,041-958-0171,migyeongi@example.com
최민지,62390,전라북도 충주시 학동거리 399 (민서이읍),은정이이마을 D동 311호,054-954-9741,hwangsujin@example.org
김선영,82203,대구광역시 관악구 가락98길 920,상훈장아파트 690호,042-616-2394,minseog97@example.org
윤유진,18692,경기도 원주시 논현길 지하869,민수우최빌라 U동 841호,070-8598-3410,seoyeoncoe@example.org
박정순,21795,전라북도 아산시 가락로 107-52 (민준권김면),영환최장연립 948호,051-678-6325,sumin20@example.org
김성호,68949,대전광역시 동구 잠실길 5 (상현김이마을),숙자홍타워 262호,070-8847-5636,hyejin84@example.net
김영환,88932,전라북도 부천시 소사구 백제고분678길 354-52 (미숙송리),서윤박강연립 153호,019-689-6804,gimgeonu@example.org
이성호,37350,대구광역시 강동구 봉은사가 484-48 (영식이오동),정웅박김마을 953호,016-832-6269,sangho99@example.net
박지원,03536,세종특별자치시 관악구 삼성7길 752-73,상철배연립,018-934-0683,seojun32@example.net
김승민,34325,경상남도 양주시 양재천가 지하66 (서영권김읍),은지김마을 라동 801호,044-916-0236,junhocoe@example.org
김정순,38053,전라남도 강릉시 언주8거리 695-30,예지류강마을,018-177-6465,coejia@example.net
이종수,08934,전라남도 청주시 흥덕구 압구정로 510,중수이아파트 874호,031-340-7309,ci@example.org
황도윤,87976,충청남도 강릉시 서초대653거리 737-3 (승현김면),미경이안아파트,055-141-7895,seohyeon12@example.org
김아름,60737,부산광역시 남구 개포로 786,윤서박백타운 968호,062-558-8234,seungminryu@example.org
윤성현,41711,경상남도 평창군 영동대957거리 360,민석이타운 961호,010-6744-7308,sanghyeono@example.org
고현정,77454,경기도 서천군 역삼가 949 (현정김이마을),숙자권마을 바동 972호,017-186-1691,cgim@example.com
이영일,07118,세종특별자치시 북구 삼성810길 404,영순박조타워 945호,042-709-1257,seongjingim@example.net
이재호,80427,대구광역시 성북구 개포61가 974-44 (현지조문면),아름오빌라,032-512-7072,jeongnami@example.org
김윤서,90311,경기도 용인시 수지구 논현179거리 232-72,지우최안연립 233호,033-938-8805,gimyeongsun@example.net
최수민,11547,충청남도 천안시 서북구 가락1거리 871 (성호김면),도윤윤박빌라 다동 036호,032-188-0243,ijeongung@example.org
손시우,06864,경상북도 영동군 논현5로 403 (성수나읍),시우김연립 V동 227호,017-563-3956,rmin@example.org
임정순,78692,인천광역시 서구 테헤란길 994-45,승현김타워 172동 870호,070-6908-9200,ju@example.org
노경숙,16274,충청북도 부천시 원미구 오금로 876-46 (지연김류리),미경이빌라,052-118-0693,rgim@example.net
이미숙,49379,경기도 고양시 일산동구 봉은사6길 750,서영문배타운 D동 863호,064-708-1037,ihyeonju@example.com
박현정,63055,세종특별자치시 용산구 테헤란5거리 887 (보람김김읍),서연이빌라,016-148-3712,boramgim@example.org
송현숙,39871,강원도 용인시 가락거리 542 (정자한읍),승민박마을 008호,032-223-0725,junhyeog40@example.com
오지영,06510,충청북도 양평군 선릉043거리 576,영호김최타운,070-3906-8888,gimseunghyeon@example.org
이지은,83798,울산광역시 관악구 삼성450거리 236 (재호황엄동),정식이아파트,052-086-1243,hyeonju26@example.com
이성호,45993,경기도 청주시 서원구 영동대로 915 (영식이박읍),현지이빌라,054-300-0513,ngim@example.com
윤정식,56240,충청남도 부천시 원미구 언주로 183,서현오김타워 507동 916호,043-813-9565,janggyeongsug@example.net
김서영,16415,대구광역시 관악구 역삼5로 905 (영일송백동),지우이김타워 E동 666호,044-901-3902,seungmingim@example.com
박하은,43247,인천광역시 중랑구 논현67길 지하573,수진고박타운 G동 383호,052-164-1986,geonu67@example.net
이주원,10083,충청남도 영동군 언주2거리 784,미영지아파트 061호,017-170-2474,misugson@example.org
김준영,60269,울산광역시 성북구 가락718길 128-94,춘자김연립,052-988-7842,wgo@example.com
전예준,61926,부산광역시 동작구 영동대길 449,준서김타워 623호,044-946-1155,jaeho01@example.com
송상현,67800,세종특별자치시 동대문구 학동거리 994 (현준황리),정순오타워 604호,019-577-4869,qbag@example.org
박현정,02668,강원도 동해시 압구정665로 411-78 (진우김읍),승민김김타워,041-111-3635,yeongmi91@example.net
박지훈,92874,부산광역시 양천구 삼성길 616 (정남이리),경자김빌라 F동 524호,032-531-4681,sunogsin@example.com
전경자,83096,서울특별시 양천구 개포128가 252-36 (은서김읍),명자장마을 573호,055-309-1508,gimminseog@example.net
강재호,77418,서울특별시 중구 잠실506거리 65-79 (도윤김서읍),승현이마을 946호,041-362-2107,seungminbag@example.com
류도현,99392,대전광역시 강서구 봉은사41로 348,정식안손아파트 Y동 419호,055-496-2638,boram25@example.net
김영수,55814,세종특별자치시 북구 개포거리 266 (정순윤동),지아이김아파트 452호,051-664-7205,yeongsug98@example.org
김보람,67476,울산광역시 강동구 학동거리 685-75 (성수김김동),지민김아파트,041-746-3024,gimeunji@example.com
송현정,50387,광주광역시 도봉구 석촌호수길 762 (지혜백장읍),예원김김타워,011-051-3610,seonghyeon21@example.com
박서윤,53372,대구광역시 양천구 서초중앙960길 619,진우김연립,062-523-8714,eomminseog@example.net
박민재,88410,부산광역시 용산구 가락63로 394,영길나김마을 C동 945호,011-978-3561,seocaeweon@example.org
김정숙,21027,충청남도 보령시 양재천1가 479-62 (은지나마을),건우김아파트,018-336-9557,jeongsun29@example.org
김은경,16034,세종특별자치시 서초구 테헤란로 911 (지훈류읍),도윤황연립 H동 151호,043-471-2757,coejinu@example.com
배수진,33944,충청남도 괴산군 압구정68거리 567,순옥안빌라 815호,033-980-2555,gimjihun@example.com
박영호,30959,광주광역시 강남구 역삼거리 746,수빈구이마을,02-0500-1834,bagsiu@example.net
안순옥,82134,충청북도 횡성군 논현가 지하475,성훈배아파트 924호,061-696-0555,jungsugim@example.com
이현정,44070,세종특별자치시 동대문구 논현거리 지하133 (춘자지마을),현우이박아파트 782호,042-520-0238,rcoe@example.org
박영일,31767,광주광역시 송파구 학동로 997-75,민지정홍아파트,061-077-1889,whwang@example.net
최미숙,90287,경상남도 속초시 반포대가 302 (민석윤마을),정자김이아파트 097호,016-649-6097,vgim@example.net
김하윤,23691,전라북도 홍천군 백제고분길 69-7,영순백김빌라 O동 737호,053-778-0077,yanghyeonju@example.org
김정숙,57569,경상남도 오산시 논현00길 716,예원박빌라 823호,02-1369-8079,dbag@example.org
한현지,70375,대구광역시 종로구 삼성길 427-60 (중수류마을),현정이윤타운 020호,054-542-3222,jeonghyigim@example.org
김지영,02778,부산광역시 도봉구 언주거리 942-44 (선영김양동),영호박마을 044호,070-6063-6730,gimeungyeong@example.org
최보람,18595,충청북도 공주시 강남대거리 지하426 (영철장리),서연김서아파트 X동 666호,031-609-1926,jihye32@example.org
김예은,27359,경기도 파주시 테헤란57길 530 (정남전면),건우이빌라 894호,070-0329-5990,jaeho79@example.org
김정숙,46924,충청북도 서천군 역삼길 942 (예원양권리),상호오타운 682호,033-645-4589,coehyeonji@example.com
류현지,87601,대전광역시 서초구 테헤란로 563-55,정숙김박빌라 S동 996호,042-089-3470,dhan@example.org
홍춘자,75908,전라북도 춘천시 삼성996가 235,준호주손마을 나동 679호,055-329-6131,gimminseo@example.org
김정순,25649,세종특별자치시 금천구 봉은사9로 331-4,서준이장타워,019-954-5845,migyeong64@example.com
주승민,13760,경기도 아산시 역삼거리 664,예진이김타워 Y동 929호,043-577-5152,hcoe@example.net
김수진,91149,경상남도 과천시 도산대로 513-24,종수이연립 바동 154호,063-995-8874,seohyeoni@example.com
이은지,20431,제주특별자치도 괴산군 학동로 지하157 (미영김면),경자박마을 U동 322호,02-5278-7666,qbag@example.com
박지혜,37931,경상북도 고양시 서초중앙거리 706-45,현준하김마을 970호,062-613-8266,gimhyeonju@example.com
최정웅,76530,경기도 서천군 잠실로 204-61,서영박타워 107호,033-996-7602,hyeonjeongi@example.net
안미숙,18135,인천광역시 노원구 논현길 679-8 (민서박마을),영호임서타워 418호,042-725-8224,andohyeon@example.net
황옥순,68244,전라북도 부천시 원미구 테헤란307거리 373 (은주김면),준혁권타운 S동 179호,018-725-3054,sanghoseo@example.org
이지원,46629,울산광역시 중랑구 잠실2로 429-67,영호장이빌라,043-325-4863,minjii@example.org
이지훈,02596,경기도 안양시 만안구 서초중앙148거리 512-10,재현구이타운,055-442-8888,yeongmigim@example.net
이명숙,36364,세종특별자치시 동작구 개포거리 667,경숙이서연립,054-063-6702,ngim@example.org
김윤서,97356,전라북도 원주시 서초중앙58로 235 (정웅김우마을),재호김아파트 X동 532호,031-545-9423,seojunsim@example.org
유채원,19145,부산광역시 동대문구 학동거리 892 (성수박이마을),준혁조황빌라 L동 507호,042-282-9156,jungsujang@example.org
박서준,62275,부산광역시 양천구 반포대거리 101-32,민석김아파트 C동 542호,062-225-0280,junyeongmun@example.org
백은지,08849,서울특별시 강남구 잠실거리 899-78 (진호장김면),하윤심빌라 바동 141호,052-713-8803,hayun05@example.net
노지우,51110,울산광역시 도봉구 백제고분98가 623,은경장박빌라 044호,064-721-5008,munmyeongsug@example.org
이영호,42096,제주특별자치도 청주시 흥덕구 논현길 928-99 (영진김면),정식이마을,033-439-8949,jiyeongbag@example.net
이유진,82995,대구광역시 서대문구 백제고분1거리 321 (정호김김면),미숙김빌라 다동 934호,010-3451-2675,jihyeongo@example.com
김동현,29752,경기도 청주시 청원구 도산대로 810 (은서노송읍),현정허빌라,02-7471-7783,minseogim@example.com
황유진,40369,경기도 수원시 장안구 양재천거리 661,준호곽아파트 468호,055-324-1716,jeongnam93@example.net
류재호,31309,경기도 시흥시 봉은사로 88,민석배송아파트 P동 814호,064-739-2503,oyeongsun@example.org
박중수,15358,충청북도 당진시 오금9길 400-50 (예진최김읍),정웅김홍타워 677호,041-550-4022,rcoe@example.com
남종수,72666,강원도 영동군 백제고분009길 506-21 (영일김동),정희이장타운 V동 063호,017-045-7053,ui@example.org
윤지은,07595,제주특별자치도 속초시 삼성6로 566-1,영자최마을 M동 395호,019-009-0355,jgim@example.com
박수민,51838,세종특별자치시 동대문구 봉은사로 501 (정식이김리),준호성연립 K동 220호,033-327-4921,coejeongsig@example.com
윤영철,12589,대구광역시 양천구 서초중앙로 762 (우진최김동),채원한아파트,016-664-8787,junyeong53@example.com
김정숙,10710,인천광역시 종로구 영동대로 지하635,정순이김빌라,02-1302-2164,iyeongil@example.org
김준호,50027,대전광역시 양천구 석촌호수길 583 (정호김이면),경수김오타워 J동 211호,063-092-7099,ni@example.net
정현준,47029,서울특별시 강남구 반포대길 140-54,민서김연립 298호,051-140-2394,yeongsunsim@example.com
이정수,80674,경상북도 진천군 논현207길 154 (경숙강리),재호이김아파트,016-027-1012,gimyeongceol@example.org
황지원,16630,충청북도 화천군 반포대044거리 221 (도윤황마을),준영황이아파트 871호,017-104-4831,gimseoyeong@example.com
고은영,13388,충청남도 광주시 양재천로 51 (준영김동),지원신조빌라 944호,02-7396-8906,bagareum@example.net
황미영,83780,광주광역시 마포구 압구정거리 929-70,보람우빌라 958호,018-635-2160,vi@example.com
지도윤,02572,광주광역시 광진구 백제고분826가 639 (아름강이마을),성현고연립 G동 626호,062-388-2669,seojun11@example.com
박예준,08714,경기도 음성군 백제고분9가 307-38 (춘자김리),준영최박타워 012호,02-4881-2076,gimseongjin@example.com
김현준,80195,전라북도 속초시 개포가 525 (서영김마을),현숙박아파트 768호,032-234-2921,baggyeonghyi@example.com
김지아,81800,대구광역시 강서구 삼성463가 604 (영환김한마을),지민박타워,041-519-5782,yeongmiseong@example.com
이은지,23837,경상북도 과천시 잠실로 543 (성훈이박리),순옥이연립 25동 420호,018-634-0067,seojeongsun@example.net
김지민,04415,경상북도 여주시 오금길 89-78,미영구타운,033-645-1380,areumgim@example.com
이춘자,87885,경상북도 안산시 언주길 888 (영수김이마을),순옥김이아파트 I동 076호,043-296-3345,jyun@example.net
김지은,73673,울산광역시 중구 봉은사거리 943 (광수이최마을),서연이아파트 382동 819호,052-575-6005,egim@example.com
백윤서,64224,광주광역시 성동구 언주83로 809 (춘자차리),영수조박아파트,055-999-3242,jia45@example.org
윤미영,39902,부산광역시 서대문구 개포가 569,명숙김백아파트 208호,017-411-8619,myeongsug69@example.net
강경희,19141,인천광역시 중랑구 언주로 159-69 (상호남리),성진김마을 667호,042-010-8656,jiugim@example.org
김옥순,98371,전라남도 화성시 반포대692가 566-67,옥순이타워,043-425-4571,minjaeseo@example.net
김현준,80941,충청북도 청주시 청원구 강남대길 807-91 (지후심마을),은정김이타워 W동 125호,010-8213-3294,deom@example.net
전예지,60694,대구광역시 용산구 서초중앙로 209,순자허김타워 바동 230호,070-3300-1311,rryu@example.org
최현주,32112,세종특별자치시 성동구 양재천길 63-46 (지연송송마을),정남김지타운 00동 745호,055-592-5561,sangceolgim@example.net
권민준,09950,대전광역시 강서구 오금가 702-93,준서신아파트 389호,054-589-1803,hgim@example.net
이진호,16876,강원도 동해시 학동로 103-27 (정숙권마을),영수최빌라 I동 988호,070-6665-7883,bagyeji@example.org
박미영,78226,대전광역시 종로구 영동대가 지하198,경희김타워,032-050-9599,sanghunbag@example.com
이서연,67585,부산광역시 중구 서초중앙로 720 (상호차김리),상철장배빌라,018-062-2128,hwangseojun@example.org
황주원,77042,경상남도 안양시 만안구 서초중앙55거리 975,서연노빌라 246동 953호,011-396-9895,gimdohyeon@example.net
김경희,04474,세종특별자치시 광진구 개포로 630,민지이마을 바동 703호,041-290-3123,hnam@example.com
박정순,01547,세종특별자치시 구로구 역삼35로 371-97,지은오연립,041-577-0135,seonghunan@example.net
김영환,46454,전라북도 의왕시 도산대거리 899,영희류윤타운 C동 278호,018-138-0283,gwangsu64@example.net
송현숙,72688,광주광역시 용산구 잠실9가 924,정호황타운 바동 470호,033-619-4875,gyeongjajo@example.com
주유진,16626,전라북도 증평군 강남대4거리 217,영길이강타워,02-0794-0992,aju@example.net
김예준,62252,부산광역시 은평구 학동169가 419,예진안빌라 243호,032-403-5316,boramgu@example.org
강시우,97667,전라남도 성남시 분당구 학동719길 948-80,영환이빌라 Q동 710호,018-006-4466,kgim@example.com
장도윤,85658,경상남도 태안군 영동대거리 885,수민김타운,02-4081-0229,sbag@example.com
김우진,69077,대전광역시 강남구 잠실6가 818-42,현우박이연립 180호,055-377-8215,yunsanghyeon@example.com
강도윤,37352,울산광역시 종로구 논현거리 901-96,시우강허타워 181호,018-941-2249,uhwang@example.com
이성호,38836,충청남도 구리시 도산대거리 312,서준장김타워 872호,070-4532-8711,san@example.net
안시우,01412,대구광역시 성북구 오금로 206 (상훈장동),병철김이빌라,055-422-4670,minsu72@example.org
홍정희,27755,전라남도 부천시 압구정32로 929 (옥자김리),영일서최연립,018-955-1021,aeom@example.org
박현지,03163,경상남도 삼척시 반포대거리 276-2 (지연이마을),순자백타워,053-384-8277,xgim@example.com
이예원,45598,강원도 용인시 수지구 오금가 지하4 (영수김읍),지후김박타워 가동 825호,063-067-4173,iujin@example.com
윤건우,02734,강원도 고양시 일산서구 석촌호수303가 34 (은주김이동),예지박최연립 L동 839호,061-228-2295,cyun@example.net
이숙자,72901,제주특별자치도 성남시 테헤란25로 지하791,현준황타운 마동 572호,051-436-6938,vgim@example.org
양진호,85208,전라남도 음성군 양재천거리 692 (영환박마을),종수윤타워 P동 461호,051-129-6181,yeongjin97@example.org
백병철,00554,대구광역시 용산구 선릉04가 827-27 (숙자박동),수빈김권마을 142호,055-193-5527,ieunseo@example.com
박서준,29300,인천광역시 동대문구 역삼6가 269-33,영호김박타워 나동 680호,010-7228-0413,useo@example.com
오지은,43035,대구광역시 성동구 선릉거리 400-37 (영수김양읍),수진백박연립 874호,051-174-3353,jihyeon04@example.com
문예진,74881,충청남도 가평군 영동대가 715-55 (명자민동),지훈윤타워,011-973-8582,sangceolson@example.com
이정식,61673,울산광역시 서대문구 개포1로 832-34 (영수김리),영진이권마을 A동 458호,044-423-1008,minseoghan@example.com
박상호,25253,전라남도 증평군 서초중앙128가 120-96 (도윤김마을),동현이연립 092호,018-709-3039,ujin40@example.org
이영철,50826,강원도 예산군 양재천거리 972,보람김이타운,062-006-2412,jieuni@example.net
박정웅,31943,충청북도 고양시 일산동구 삼성8가 694-43,유진엄타워 966호,018-064-6889,hyeonsug39@example.org
송혜진,15750,대구광역시 광진구 양재천길 668 (영길이읍),민지최김아파트 572호,041-777-6924,hwangyeongceol@example.net
박순자,48396,제주특별자치도 구리시 양재천거리 75-29 (승민김면),지훈이연립,016-948-0727,yeonggilgim@example.org
박지연,55807,경기도 원주시 도산대거리 412 (건우이읍),미숙심연립 P동 162호,032-479-1086,kgim@example.org
주영일,92466,경상북도 고양시 석촌호수5가 13-93 (지연남손리),미숙이마을 418동 342호,064-751-3814,jihun34@example.net
고민준,79276,부산광역시 영등포구 역삼48길 308-59 (성민박박리),지은김김아파트 003호,032-790-4449,jihuyang@example.org
오준호,16418,세종특별자치시 양천구 삼성가 지하347 (수진홍리),현우안박빌라,055-426-9376,seongho97@example.com
김은영,70927,울산광역시 도봉구 언주길 368,순옥이타운,052-337-5614,jihun10@example.net
김민서,41056,광주광역시 동구 삼성로 698,서윤이이아파트,053-833-2293,gwangsujang@example.net
류준서,65777,인천광역시 동작구 석촌호수88로 757,은정김김빌라,051-196-1416,nbag@example.org
김하은,04370,제주특별자치도 고양시 덕양구 오금709로 지하479,지훈김강연립 402호,011-055-5220,pgang@example.net
이승민,90709,울산광역시 강서구 양재천8가 586-88 (영수고면),민재이타워 T동 582호,018-885-7880,gimjeonghyi@example.com
한민서,20111,울산광역시 강북구 서초중앙길 202-25 (현우한읍),춘자이타운 J동 341호,043-123-9861,ogsunyang@example.com
손은정,13381,대전광역시 서초구 선릉355거리 689,지원김빌라 735호,053-942-9705,hyeonjeongan@example.net
송영철,11138,전라남도 진천군 서초중앙39가 889-18,수빈안타운,055-969-9232,sumin91@example.net
손정남,42014,경상남도 용인시 도산대길 615-75 (옥순이마을),중수황연립 U동 530호,011-267-5320,hanjinu@example.net
이춘자,82118,대구광역시 마포구 서초중앙로 401-89,영환김연립 955호,063-392-1610,egim@example.org
이미숙,24986,대전광역시 성동구 강남대가 193-67,현우김김아파트 573호,010-5561-8166,minjunsim@example.org
이종수,36633,서울특별시 강북구 서초중앙265거리 197,지원이타운 858호,052-743-6932,wgim@example.com
손예진,27538,강원도 수원시 영통구 잠실39거리 13,지후김박연립 444호,044-669-3918,misug81@example.org
김준영,56150,부산광역시 마포구 양재천로 925,상훈김아파트,055-808-5209,seongjunhyeog@example.com
김지우,44583,제주특별자치도 부천시 개포54길 지하269 (도윤한이리),미경이연립,02-6108-0774,rbag@example.org
김윤서,43628,서울특별시 북구 삼성6거리 903-84,현숙김김마을,070-7031-6599,gimjeongsun@example.org
최영자,52912,경상남도 하남시 도산대거리 지하444,미정조문아파트 070호,051-016-4280,lgim@example.net
성예진,32867,서울특별시 북구 잠실917가 241,현지윤이마을,063-927-6522,hanjihu@example.org
최수빈,18353,충청북도 천안시 서북구 도산대5길 960,영순김빌라,054-571-2385,yeeun27@example.org
엄영수,24240,경기도 안양시 강남대거리 226 (예원김면),도윤신윤타워,052-556-2376,cunjago@example.net
윤시우,49160,경상북도 양구군 양재천7길 884,민서양하타워 302호,033-109-4023,gyeongsug28@example.org
박옥순,47603,광주광역시 북구 잠실51가 383-14 (성현안마을),건우정타워 371호,055-698-2806,siujeon@example.org
윤지현,81715,대전광역시 중구 개포50길 700-70,서현이이타운 바동 118호,032-071-5171,hanyeongsun@example.com
지정숙,83311,충청남도 금산군 역삼거리 450-29 (민서강리),숙자백나연립,018-934-1326,myeongsug32@example.net
차현정,52222,부산광역시 양천구 양재천가 264 (성훈김김마을),진호김이아파트 112호,041-278-4485,sanghyeoni@example.org
김서준,32770,강원도 동해시 언주2로 736 (정남조권면),광수서아파트 182호,010-3084-9649,iseongho@example.org
김재호,42546,서울특별시 마포구 서초중앙419거리 193-61,도현장이타운 266호,010-4875-3592,jinu95@example.com
김정남,71550,인천광역시 마포구 논현로 338-28 (동현김동),우진김이타운 019호,042-418-4583,hongsugja@example.net
이현지,48407,경상남도 이천시 강남대로 993-44 (상훈박리),영미이아파트 Y동 936호,063-274-1401,yejun29@example.org
이선영,04953,충청북도 진천군 강남대83거리 148,영호이정타워 728호,043-814-9458,xcoe@example.net
이경숙,69036,경상남도 고양시 일산서구 언주4길 2-94,은지박최아파트 X동 597호,02-8339-1019,zgu@example.net
김시우,56878,광주광역시 서구 언주7가 5 (지은안마을),승민황타운 C동 144호,063-296-4892,jeonghun73@example.org
송정숙,75282,서울특별시 남구 반포대917거리 461-38 (민수이동),민재이박타워,017-189-3013,ujinyun@example.com
강미영,82115,경기도 용인시 언주97로 237-97 (정호배마을),은주배권마을,018-886-3177,ugweon@example.com
황재호,22607,충청남도 춘천시 개포52길 292 (미숙송박리),준호김빌라 P동 917호,063-990-4819,ki@example.org
박수빈,03636,경기도 양구군 오금거리 956-57,승현이타운,062-181-1381,hongdohyeon@example.com
류민수,56670,부산광역시 서대문구 오금780로 233-56 (중수이이동),춘자진김타운 868호,044-961-8731,seoyeongim@example.net
박재현,47252,경기도 성남시 중원구 논현로 124 (진호김김읍),영순김아파트 045호,044-964-8933,jinho72@example.com
이선영,51010,경상남도 용인시 수지구 도산대07거리 633-94,은정문김타운 902호,033-290-3180,minseog91@example.com
박영철,51758,충청북도 태안군 선릉13거리 505-87,진호이마을,043-314-4878,obag@example.com
김은영,55261,전라남도 양구군 개포77가 548 (예준송리),수빈김타워 X동 827호,063-825-9012,yeonghoseong@example.org
홍정희,92700,경기도 동해시 역삼가 740-35 (지우조곽읍),현주최이빌라 T동 492호,043-949-2946,gimseongmin@example.net
김성훈,41250,부산광역시 은평구 삼성5길 526,재호김김연립,044-360-3156,ogsun61@example.com
김미경,20231,경상남도 보령시 반포대거리 656-62,영미강빌라,055-254-4676,wyu@example.net
김주원,65888,서울특별시 관악구 서초중앙로 307-37,예은이최마을 K동 987호,019-376-9839,myeongsug50@example.net
김예진,77327,인천광역시 동대문구 잠실0로 53-93 (지후오안읍),숙자황최연립,032-614-2279,gimsumin@example.com
김서윤,63554,부산광역시 서초구 서초중앙로 752 (은지양면),승현김마을 130호,018-665-9713,mhan@example.org
김경숙,18186,전라남도 홍천군 삼성길 672-91 (지후장장면),지혜김연립,016-282-1232,eunji43@example.org
홍은지,61672,대구광역시 동작구 학동07거리 지하300 (보람윤마을),영길이최연립 965호,061-884-8082,kjin@example.net
한준서,13816,광주광역시 도봉구 서초중앙길 지하528,예은양오타워,054-477-6993,jiweonbaeg@example.org
최순자,34281,충청남도 정선군 역삼11로 850 (상훈배장마을),수진김박빌라,041-756-9562,nim@example.org
김민서,17528,부산광역시 마포구 봉은사296거리 74 (정희우박동),종수황타운,031-806-8880,ogsun59@example.net
류준영,94000,광주광역시 양천구 압구정2로 32 (도윤김최리),현숙김강마을 880호,042-148-1867,obaeg@example.org
박상훈,98692,충청북도 안양시 압구정631거리 193,민준서빌라 라동 361호,042-442-0557,oryu@example.com
권현주,48694,서울특별시 중랑구 봉은사4가 472,진호문타운 089호,054-200-9398,vcoe@example.com
박경숙,26735,경상남도 고양시 일산동구 삼성9로 655 (영미송최마을),은정김타워 709호,043-911-3481,bbag@example.net
백지원,73094,대구광역시 서대문구 오금57로 849-38,영환최빌라 라동 657호,044-799-4433,hbag@example.org
권진우,13113,부산광역시 서구 논현길 909 (지원이김읍),하윤백김빌라 A동 965호,043-298-6056,gyeongsu72@example.org
박미경,37269,부산광역시 서초구 봉은사2거리 232 (도현최읍),준호최연립 S동 200호,054-751-1398,hyeonjeong15@example.org
최정웅,43106,세종특별자치시 마포구 역삼로 지하43,하윤박류타워 454호,052-249-3785,najaehyeon@example.org
민예원,98552,충청남도 옥천군 반포대31길 200,동현김김타워,055-548-8355,yangjihyeon@example.com
이준혁,89269,대전광역시 동구 잠실길 944,영식권타워,016-341-2466,jeongnami@example.org
장경희,51127,강원도 고양시 서초중앙가 198,영환박마을 N동 437호,019-414-3780,do@example.org
박미정,41029,대전광역시 북구 백제고분719가 515-99,옥자유김마을 333호,070-5294-9529,caeweoni@example.com
엄현지,80775,경상북도 화천군 잠실로 636-77,정훈이박마을 018호,043-581-2821,sgo@example.com
문하윤,37318,경상북도 부천시 소사구 학동거리 621-49,성민양고타워 R동 121호,064-784-6054,gweonjia@example.com
김정희,40845,경상북도 서산시 논현로 834 (옥순임이동),진우최허마을 K동 922호,062-616-6860,seoyungang@example.com
서경자,73681,서울특별시 강남구 강남대84길 483,경희강장빌라 437호,032-510-9209,wi@example.org
김정순,05864,대구광역시 동작구 반포대4거리 191-72 (재현이면),정희이빌라 K동 151호,044-950-6875,zgim@example.net
최준호,70895,전라남도 평창군 서초중앙길 지하559 (지아이동),예원김윤연립,054-449-8027,hyeonjeong00@example.com
김경자,02013,울산광역시 관악구 양재천거리 561-12,옥자이아파트 83동 774호,017-049-9000,oryu@example.com
장순자,79792,충청북도 청주시 서원구 언주583가 238 (지연송김면),현준박김아파트 671호,011-338-0090,ijang@example.net
이우진,99958,서울특별시 은평구 영동대거리 744 (유진김김면),경자김타운 468호,032-886-1008,kbag@example.org
이현준,84193,충청북도 태백시 오금6로 381,영식정허타워,044-943-2460,gimeunjeong@example.com
한도현,32623,전라남도 광주시 선릉가 282 (정희이김마을),영미손이연립 905호,043-319-2744,yeongjayun@example.org
안영숙,68784,경상남도 용인시 논현가 160-80,지현박문아파트 L동 479호,016-288-8569,jiyeong99@example.net
윤재호,28989,광주광역시 종로구 역삼04로 304,영순오빌라 978호,042-438-4036,jihu40@example.net
오지아,68819,서울특별시 강북구 선릉길 489,민재류오빌라,044-060-1111,si@example.net
송정호,13906,인천광역시 서초구 도산대862거리 134,정식양이타운 Q동 638호,019-050-5236,isangho@example.com
이시우,16865,경상북도 음성군 백제고분길 180 (은주오마을),준혁주김마을 L동 774호,052-265-5102,yeweonjo@example.org
윤예진,97295,대구광역시 북구 테헤란로 815,정수홍마을 Y동 414호,044-558-4306,gimgyeongsu@example.com
한민석,96920,충청북도 과천시 오금226가 지하856,준서오김타워 103호,010-7107-1991,heoyeongja@example.org
김도윤,91076,경상북도 증평군 개포길 지하102,건우김주마을,019-360-2917,gimjimin@example.net
장상현,29277,경상북도 광명시 반포대7길 859 (옥자김이읍),순자우아파트 367호,033-725-8102,jieun24@example.net
권정남,87186,충청북도 태안군 학동길 254 (하윤최강마을),영순김빌라 213호,042-803-4305,seoyeonheo@example.com
박지민,92165,충청남도 포천시 백제고분373로 131-82 (재호엄리),영일강박아파트 X동 383호,032-715-8920,gimogsun@example.org
최진우,17319,부산광역시 강북구 언주길 지하278 (영환박이읍),현우구빌라,032-024-3850,yeongsui@example.net
문정희,29783,전라남도 부천시 삼성8가 361 (지우김최마을),성훈권이아파트 431호,061-995-6274,gyeonghyii@example.com
고준서,56053,부산광역시 강북구 선릉52길 355,정호김타운 I동 184호,032-755-2313,sangho32@example.org
최경수,66359,세종특별자치시 노원구 테헤란09길 493 (예진박김리),정웅이이마을 R동 863호,033-809-6511,yeongsuggim@example.com
손준혁,89650,충청북도 단양군 학동16길 964,준서김아파트 S동 130호,052-278-3307,rjeon@example.org
노종수,25962,경기도 금산군 개포436로 748 (영순오마을),정자허아파트 810호,062-461-6420,yujincoe@example.com
손정웅,16890,세종특별자치시 노원구 오금거리 185-63,윤서성연립 S동 086호,054-510-3517,hayun83@example.org
김미정,32400,대전광역시 강서구 서초중앙거리 542,서윤이타운 V동 755호,018-703-5448,ii@example.com
김병철,43610,경기도 진천군 언주953길 572-81,미정서아파트 F동 547호,064-725-9829,gimseonghun@example.net
최경숙,82638,충청남도 하남시 석촌호수길 642-89,도윤장김타워,017-957-6047,najiyeon@example.com
최지아,20157,대전광역시 송파구 영동대로 552-25,영미김연립 981호,042-298-2915,hayuni@example.org
지순자,80837,대전광역시 중구 서초대길 552 (영자김박읍),예은이빌라 가동 986호,052-159-0560,byeongceolbag@example.com
장순옥,09650,전라남도 삼척시 잠실2길 105-42 (성민박마을),재현박최타워,061-928-5610,jeonghunbag@example.org
이예은,30190,경기도 동두천시 선릉거리 518,민준안빌라,019-941-2399,gyeonghyi20@example.com
이지연,57959,경상남도 양구군 서초대로 지하668 (수진박읍),예원김아파트,042-263-9208,yeongmibag@example.net
박지우,91222,경상남도 성남시 수정구 가락로 356-47 (현준박읍),보람노이연립 077호,02-5228-1362,yeongho96@example.com
이성호,34152,경상남도 보령시 언주61길 148-25,진호김안타워,054-974-6407,lgim@example.com
윤영식,22262,부산광역시 중랑구 반포대48가 707-27,상철조타워 292호,062-149-4837,minseogi@example.net
김예진,39882,인천광역시 중구 역삼05길 307-92 (수민송읍),지영이빌라 477호,063-707-6375,miyeong15@example.com
안도현,14519,인천광역시 용산구 가락거리 123-17 (은영김면),옥순윤김마을 679호,062-890-2097,ogsun14@example.org
박영길,47260,경상북도 구리시 영동대길 988 (병철김마을),정훈한타워,010-8744-5174,seohyeoni@example.org
권지우,19692,세종특별자치시 양천구 영동대길 486,하윤허이빌라 153호,016-124-1473,bagsubin@example.com
송미영,99498,전라남도 영동군 양재천길 22-41 (영수김동),미숙한마을 M동 830호,070-5066-0457,jinho03@example.org
류현정,99985,전라북도 성남시 분당구 언주356길 448,진호손타워 323호,061-205-1799,qson@example.org
한민준,90228,대구광역시 서초구 삼성328로 16 (영호이읍),영철이김빌라 K동 276호,063-844-8578,yeji54@example.org
이병철,52661,부산광역시 금천구 선릉7길 644-2 (도현김면),미숙윤허아파트 957호,010-8896-4510,ijongsu@example.net
이지후,22933,인천광역시 강북구 서초대로 823 (미영허이리),민서김아파트 J동 972호,051-317-0273,ijihyeon@example.com
권예지,74883,광주광역시 동대문구 봉은사41로 254-67,민지엄이타운,041-084-5867,seongjinjo@example.org
이미숙,15663,경상북도 영동군 봉은사길 751 (지우오동),서영이나마을,016-538-4485,jeongung00@example.org
윤승민,52896,강원도 하남시 서초중앙거리 825,미경강조아파트,032-321-5319,bim@example.com
김수진,07310,경상북도 홍성군 언주401로 434-15,현준박타운 159호,043-407-8988,eca@example.com
김지아,20637,강원도 남양주시 강남대로 421-16,예은박빌라,061-222-1349,heojeongja@example.org
홍옥순,55401,대구광역시 관악구 테헤란로 731-38,선영김이타운 510호,02-6239-6605,minseog58@example.org
안상훈,16641,전라북도 수원시 영통구 도산대4로 951 (춘자정이읍),정희윤김마을,051-247-6071,fjang@example.net
이정훈,15939,세종특별자치시 노원구 역삼길 509-33,예진이오연립,053-052-1174,gyeonghyi58@example.org
임정호,92758,부산광역시 용산구 강남대3거리 308 (지영우읍),민재이이아파트 M동 733호,043-852-6924,ijeongnam@example.net
안영호,75817,부산광역시 강서구 서초대219거리 96,건우최타워 087호,042-630-6409,ki@example.net
한예준,56070,대전광역시 동구 강남대4로 424 (지민김마을),지후최연립,017-182-2267,zi@example.com
성건우,35030,경상남도 안산시 단원구 백제고분13거리 274-3 (상현이리),수민최김마을,019-900-9417,jodohyeon@example.com
이선영,32196,인천광역시 강남구 선릉7거리 196-63 (지훈이양리),은서박박타운 928호,044-956-9257,ji@example.org
이경자,40992,광주광역시 송파구 백제고분거리 705-99 (주원곽박면),정자서타운 B동 825호,018-438-4660,bagjihyeon@example.com
이채원,31943,전라남도 김포시 석촌호수가 87,서연이마을 52동 458호,033-277-9019,yeongsuggo@example.org
김서영,15307,충청북도 용인시 처인구 선릉길 555-19,은지김타운 623호,052-152-6457,myeongjacoe@example.com
김경숙,60815,세종특별자치시 강북구 삼성로 904-17 (서준윤윤마을),예지이송마을 247호,017-901-4452,caeweon56@example.com
김준서,16091,부산광역시 서대문구 개포1가 12,지민전마을 054호,031-441-2030,hanjia@example.org
이미정,02168,충청북도 평창군 강남대7로 지하473 (아름김읍),상호심김아파트 J동 375호,061-013-9762,eunjeong14@example.com
송보람,67921,강원도 안산시 단원구 개포거리 지하196,하윤이최마을,018-886-1173,migyeongi@example.net
이영순,18146,충청남도 파주시 백제고분267로 956,경희이김아파트 R동 088호,043-572-5849,juweoni@example.net
김정식,54198,경기도 여주시 가락11로 지하154,옥자김연립 770호,063-799-0424,tgim@example.net
김정식,85462,울산광역시 노원구 오금가 170-2,상호박이연립,041-024-0295,scoe@example.com
박영호,79311,대구광역시 강북구 오금125로 568,지원박이연립 351호,02-2769-1202,dohyeon73@example.net
김영희,49726,인천광역시 구로구 가락791길 942,수빈심타운 18동 671호,018-808-2327,seongsu74@example.net
이민수,68364,대구광역시 성북구 논현148로 415-29 (지은강리),순옥윤김연립,041-391-6375,gwangsu01@example.net
최성진,87068,대전광역시 구로구 석촌호수44거리 지하851,은경김장타워,043-403-4914,qsong@example.net
김수빈,98456,대구광역시 강동구 언주3가 329,수민권타워 X동 913호,033-720-6172,vgim@example.net
서서연,12438,제주특별자치도 천안시 서북구 테헤란길 116-70 (서준서면),정순하빌라 649호,054-843-0966,bagyeonggil@example.com
이혜진,27102,제주특별자치도 양양군 가락28로 983-94,예준김타워 776호,02-9198-2095,dan@example.net
박성수,34131,대구광역시 서구 도산대570길 36-2,정웅이송아파트 155동 295호,018-189-0081,myeongja61@example.org
이경수,83640,전라북도 고성군 삼성거리 600,명자진연립 846호,016-909-5135,gangyeongmi@example.net
김하윤,17340,경기도 용인시 수지구 양재천1거리 272-43,지연김타워 T동 906호,063-726-2108,ngim@example.com
이지혜,41904,대구광역시 서대문구 삼성625길 458 (영자김홍동),상호최타워 R동 953호,062-045-9787,dseong@example.org
곽예은,37886,충청북도 계룡시 가락로 392,지은이주타워,070-2534-0993,gimjeongsu@example.net
최상훈,78074,인천광역시 양천구 가락거리 877 (정남이리),예원류타운 X동 953호,052-244-0916,baggyeongsug@example.com
최예원,66611,부산광역시 관악구 서초중앙가 3-60,성수김빌라 Y동 881호,044-630-8973,eunyeong66@example.com
한상현,84632,제주특별자치도 안산시 단원구 가락길 747 (현정류읍),도현김이빌라 592호,010-2159-3307,hyeonjuncoe@example.net
박지훈,00955,대구광역시 영등포구 테헤란525로 57 (정남박읍),지연김연립 226호,010-8570-1807,seoseonghun@example.net
문은경,61776,경상북도 계룡시 영동대로 지하669 (미숙장김리),현숙허김마을,063-567-7154,ibag@example.org
김서준,80894,충청남도 제천시 압구정길 998,옥순이타운 D동 159호,052-818-7705,donghyeon66@example.org
문준서,49603,울산광역시 중랑구 봉은사089거리 770-73 (영일이백리),옥자신권빌라 983호,016-016-7918,subin61@example.org
최영식,54910,경상남도 부여군 개포길 408-87 (지아김동),예원이연립 A동 931호,064-723-0701,yeongceolgim@example.net
박경자,88423,제주특별자치도 부여군 봉은사로 지하405 (채원박박마을),정남박한타운 B동 183호,062-079-0204,ecoe@example.org
박상호,90389,서울특별시 성북구 반포대로 88 (승현김성동),영길최타운 320호,063-430-5911,seongjingim@example.org
오민서,95892,충청북도 과천시 압구정로 262,재현서빌라 V동 061호,054-047-1703,hyejin18@example.org
오영숙,03340,부산광역시 종로구 석촌호수6거리 919 (영호장마을),수빈김김마을,017-872-2163,gimyeongja@example.org
이정식,25526,경기도 고양시 덕양구 반포대5길 28,진호최김타워 마동 529호,061-441-5478,jeongsunson@example.net
장진호,53143,전라남도 성남시 중원구 논현8거리 502,성진손타워,062-283-2997,pgim@example.net
조재현,79704,충청북도 홍성군 선릉9가 356-36 (미숙김동),지원양아파트 483호,070-3139-1266,tcoe@example.com
이건우,08421,인천광역시 성동구 양재천935가 151-15 (정호박김읍),명숙김이연립,044-548-4539,dohyeonjin@example.net
황도현,59411,서울특별시 강남구 개포거리 184-28,병철장김마을,019-620-2471,sumin57@example.com
박수빈,05491,충청남도 용인시 영동대39가 380-61,현지홍김아파트 237호,054-219-1068,lo@example.com
양유진,34552,전라북도 광명시 서초대길 990-25,진호이타운,041-238-5974,byeongceolhan@example.com
김영호,36236,강원도 속초시 영동대가 472-79 (옥자송박면),성수박빌라 가동 871호,062-328-5754,sujin02@example.net
박순옥,68712,전라북도 성남시 수정구 양재천65가 908-35,순옥김김타워 983호,043-885-8115,bagjaeho@example.net
이준서,15489,경상남도 남양주시 압구정가 지하609 (경희김읍),지혜김연립,052-007-4749,kcoe@example.org
고영수,38696,전라북도 진천군 언주35길 95 (준서김면),정호김타운 846호,051-405-8715,coegyeongsu@example.org
김진우,61187,인천광역시 은평구 도산대148로 262,상훈김연립,011-620-9195,ujin19@example.com
김지아,93929,광주광역시 노원구 삼성길 926-2,수빈서연립 I동 882호,042-845-0842,dohyeoni@example.org
이현지,74314,경상남도 고양시 역삼922길 610 (재현이박동),준호장김타워 Q동 827호,011-588-7829,eyang@example.org
김준서,18902,인천광역시 종로구 삼성5길 601 (경자김황리),영진안이마을 707호,051-213-4807,jinhona@example.com
김지훈,82442,제주특별자치도 괴산군 잠실9가 682-58,상철김김아파트 마동 292호,053-924-7066,qgim@example.net
김준서,48544,제주특별자치도 부여군 오금2가 782,준서이연립,032-751-2201,jeongsu30@example.net
이명숙,13526,경상남도 성남시 분당구 봉은사30로 642 (정훈이류읍),은지이마을,031-268-6100,jeonghun49@example.net
권미영,46871,충청북도 과천시 석촌호수가 684-39,영미박이아파트,016-995-8369,cahyeonjeong@example.net
박성현,66445,충청남도 평창군 잠실길 87-26 (상훈유면),성진이타운 X동 612호,053-397-2529,gimgyeongsu@example.com
이미경,02102,대전광역시 광진구 양재천70거리 540-71,미경한이타워,053-803-7918,jeongsiu@example.org
김성훈,35724,제주특별자치도 옥천군 봉은사006가 33-64 (상훈한읍),서윤송타워 788호,032-991-0591,yeeun38@example.org
장아름,07320,경상남도 청주시 흥덕구 언주65로 178-73 (옥자송김리),상철김박타운,064-734-3384,yeongjagim@example.com
이영숙,26869,세종특별자치시 관악구 백제고분22길 541-21,성호김타워,064-740-4173,seoyeon05@example.com
김준서,45073,부산광역시 중구 백제고분가 756-30 (승현김김동),동현진송연립 T동 188호,017-429-3376,gimjimin@example.org
우영환,18857,충청북도 홍성군 양재천가 535-45 (민재하마을),정순김류아파트 487동 067호,017-163-6348,gimyeweon@example.org
서지아,75297,광주광역시 동대문구 언주길 227-53,현정홍김마을 103호,070-9411-6129,yeongsug87@example.net
김춘자,71994,경상남도 고양시 잠실98가 891-60,은서하김빌라 B동 354호,031-900-1287,yeongjin79@example.com
서명숙,98955,세종특별자치시 관악구 논현로 279-85 (서연박김면),영환이김타운,043-772-4086,misugjang@example.com
노명자,90398,경기도 제천시 학동491길 지하22 (하윤박읍),예진김연립 111호,019-662-2278,myeongsug73@example.org
이수민,17369,전라북도 철원군 도산대6길 639 (진우이동),지우류아파트,062-652-8722,jaehogim@example.com
전하은,06896,강원도 용인시 기흥구 논현길 562-79,정숙서박아파트,032-166-4905,yeongsun46@example.com
문상현,39930,대구광역시 성동구 양재천0길 318,영진손주마을 I동 096호,019-059-8585,jeonghyijo@example.com
이성호,63749,광주광역시 동대문구 개포가 604,아름이타워 라동 465호,061-220-1254,doyungim@example.org
조춘자,05123,전라북도 충주시 삼성길 282 (성현엄윤리),예원박허타워 X동 651호,063-219-6412,gimjiweon@example.net
이서윤,95889,제주특별자치도 음성군 선릉09가 지하431 (지영이읍),광수김타운 666호,018-591-5091,baeyeongjin@example.net
김정식,55860,경기도 가평군 언주길 256-18 (은경김정동),상철박박아파트 Z동 842호,043-936-9321,jangjeonghun@example.org
김숙자,52974,울산광역시 강북구 도산대080거리 352,상호양타운 D동 080호,051-658-9316,seunghyeongim@example.org
장순옥,42119,강원도 성남시 서초대가 지하587,중수박이마을 460호,044-129-3406,hi@example.com
이종수,05690,경상북도 과천시 가락94거리 지하870 (성현권이동),중수윤마을 T동 492호,070-7846-5823,gimyeongsun@example.org
이미정,64579,울산광역시 동대문구 압구정가 390-90 (재호박마을),도윤장마을,011-049-1793,minji05@example.com
최경희,84213,세종특별자치시 강북구 가락5가 10,지우김빌라 644동 859호,064-711-6905,minjae45@example.net
이현정,34758,서울특별시 마포구 강남대거리 270-82 (혜진이리),명숙이마을 X동 364호,064-711-3944,gobyeongceol@example.com
이현준,94598,대전광역시 강남구 가락가 699 (현준문윤리),예은박문연립 나동 682호,051-374-5234,jeonghyi99@example.org
안정웅,34207,세종특별자치시 강남구 가락86가 765,민서한이연립 823호,010-0065-4359,iseongho@example.com
고현우,24447,대구광역시 도봉구 백제고분가 1-97 (유진최강동),준호김마을 A동 898호,063-729-9556,ygim@example.net
김미영,19862,전라남도 양평군 역삼99로 지하480 (현정최남동),하윤이마을 62동 883호,019-894-1397,seongjinhong@example.org
정아름,98446,부산광역시 금천구 언주가 698,혜진송이빌라 943호,018-740-3665,yeongjahwang@example.net
최지원,42575,울산광역시 서대문구 오금919가 773-1,지민최류타운 K동 955호,032-550-6073,gimgyeonghyi@example.com
심정호,43085,세종특별자치시 마포구 영동대0로 지하879 (채원심리),영숙이최마을 916호,02-1463-0931,iseonghyeon@example.org
이지영,50865,부산광역시 강동구 서초중앙6가 776-20 (서영장이동),하윤백박아파트 338호,019-591-2956,yujinyang@example.com
엄지훈,27948,대전광역시 도봉구 학동9길 733,수진한김아파트 924호,019-918-7083,jaehyeonbag@example.org
한미경,93957,울산광역시 강동구 삼성로 349-45,정웅김마을,042-415-8398,yeongjini@example.net
하미영,33625,전라북도 수원시 잠실1길 835 (병철이동),도윤이연립 J동 288호,033-379-0846,cyang@example.com
이정희,01346,세종특별자치시 성동구 테헤란거리 64,아름이최마을 V동 800호,052-280-3891,hongseungmin@example.net
황정순,88084,전라남도 태백시 양재천거리 567 (지우이동),준호송김타워,018-640-3776,bagjieun@example.com
박현준,65818,충청남도 부여군 반포대길 389-87 (영길한박동),순옥임아파트 996호,054-564-7457,hyeonjeong92@example.org
최영숙,00207,제주특별자치도 파주시 선릉로 457-25 (동현김김면),성진김타운,062-978-1155,wbag@example.org
배민수,03106,제주특별자치도 공주시 압구정가 542-43 (정식최마을),영식김아파트 560호,043-610-1813,jiu33@example.net
이광수,87861,부산광역시 성동구 백제고분8로 386,미경이타운 107호,054-866-8225,jihu43@example.net
박정수,44365,전라북도 의정부시 논현길 818 (춘자김한동),영수김마을 I동 076호,032-590-8499,eunjigim@example.net
김영순,32630,광주광역시 동구 서초중앙로 205-42,정순김김타워 가동 921호,042-871-4432,dyu@example.com
최예준,91668,제주특별자치도 속초시 도산대956길 336-70,정희오임마을 678호,043-603-3549,seonyeonggim@example.net
주승민,91295,대전광역시 송파구 양재천4길 32-26 (지민박동),영환최고마을 L동 725호,033-176-3289,hwanggeonu@example.net
이지후,68938,대전광역시 구로구 강남대052로 596,숙자강타운 032호,032-537-4065,gwagyeongsig@example.com
류아름,33719,대전광역시 서대문구 학동가 341 (정훈이김동),상호윤이타워,062-848-8493,borami@example.org
최영식,22005,울산광역시 동작구 석촌호수가 749-67,현준이김연립,032-225-9181,hyeonsug46@example.org
박성수,58207,충청북도 예산군 서초중앙로 599-92 (은영김최마을),민준강아파트,054-393-5476,jihyeon08@example.com
김재현,18051,대구광역시 강동구 압구정거리 456,정희김강타워 다동 787호,064-763-7657,junho55@example.org
김상현,95811,전라남도 의정부시 가락0길 지하785,준서최연립,070-0571-9806,kgim@example.org
김도현,89730,세종특별자치시 강서구 역삼2로 948 (정자김김읍),병철박아파트 A동 450호,064-760-1992,jiai@example.net
이정자,68374,전라남도 속초시 잠실길 269 (성민이마을),시우장김아파트 828호,064-704-9130,khong@example.net
조민석,18390,인천광역시 북구 백제고분길 598,중수이빌라 B동 256호,011-057-6616,yeongja84@example.net
최시우,93385,대구광역시 서초구 오금가 291 (성훈심황읍),은서송아파트 878호,017-982-8628,byeongceolbag@example.org
이경숙,42162,울산광역시 중랑구 오금98가 842-76,도현강김아파트 145호,070-9427-9178,hyejin07@example.org
허성훈,30604,경상남도 과천시 봉은사5거리 714-15,상훈이아파트 548호,018-712-6761,syun@example.org
김민서,51579,대전광역시 동대문구 도산대길 65-72 (정식김안읍),지현박이타운 I동 597호,055-075-8065,ijeonghun@example.org
차지후,75980,제주특별자치도 용인시 수지구 삼성길 507 (지혜서김마을),성훈문타운 M동 877호,011-673-8643,jbag@example.net
이채원,90124,경기도 서천군 압구정로 지하996 (주원김성마을),민석곽아파트 T동 925호,055-448-6286,qsin@example.org
허종수,77919,강원도 수원시 권선구 석촌호수가 225-76,은주박박연립 G동 634호,033-951-5701,jiagim@example.com
이미경,65555,제주특별자치도 양구군 선릉984길 618 (예원박리),진호최마을 Y동 679호,054-090-2584,siugim@example.com
김현주,90747,광주광역시 강남구 학동8길 230-62,상호서유연립 A동 656호,010-3081-1084,jihyegim@example.org
이정웅,63094,세종특별자치시 동구 선릉로 947-64,준서박타운 429호,043-430-1716,yeongsigsong@example.com
김민지,36617,경상북도 태백시 잠실1로 728,지훈김마을,053-658-9624,wi@example.com
김민석,33712,전라남도 청주시 상당구 선릉9로 174-96,승민최타워 A동 850호,054-553-0172,yeongsunsong@example.com
성지훈,06219,세종특별자치시 동작구 학동3로 251,서연황김연립 345호,02-7879-2820,migyeongnam@example.com
전성호,36214,울산광역시 금천구 논현길 82-81 (영식황김면),민서김마을 A동 938호,016-645-1056,boram07@example.net
김예준,85329,경기도 고양시 일산서구 양재천516가 313-47,상철장타워 Q동 648호,070-4084-8720,seongjinhwang@example.net
서하은,67119,경상북도 연천군 선릉로 498,성현민아파트,033-926-6665,seoyeong39@example.org
박예원,13802,서울특별시 북구 봉은사022거리 616,예지류타운,051-511-8954,areumi@example.org
송경숙,31920,전라북도 안양시 동안구 반포대로 820-42,민석이마을 H동 731호,055-116-1045,hanjunseo@example.net
박민준,82362,전라북도 부천시 소사구 가락길 127-92 (서연이이리),은정배타운 가동 608호,042-246-8935,pgwag@example.net
김성현,93305,전라남도 군포시 오금로 738 (서영강리),혜진박빌라 Q동 650호,053-296-1449,myeongjabag@example.com
김경숙,51697,부산광역시 서구 테헤란561가 3 (상철김리),민재하김빌라 Q동 147호,017-269-6220,donghyeon12@example.org
하수진,32709,경상남도 하남시 도산대151길 869 (상현이면),현우김타워,011-413-6920,seongminju@example.net
홍준호,29244,세종특별자치시 서초구 논현6거리 338-95 (준서류류동),민지문타워 602호,070-5171-5356,gimhyeonjeong@example.com
한보람,87926,제주특별자치도 성남시 중원구 백제고분846가 881,민지김이아파트 076호,063-034-8993,gimminjun@example.org
김지혜,53752,강원도 춘천시 강남대55로 204-37 (영희박김리),유진이김빌라 983호,052-506-7894,ogim@example.net
김준혁,45337,대전광역시 동대문구 석촌호수6길 927,영순유빌라 X동 228호,051-021-1722,jaeho87@example.com
김승현,50357,경상남도 동해시 영동대16가 791 (성현배면),수민조김아파트 851호,070-5398-2068,yeonghwan61@example.org
박성현,67690,충청남도 화성시 논현로 107,영진김나타워 가동 477호,018-013-8398,zi@example.com
류민지,90294,대전광역시 북구 영동대가 354-51 (성수서읍),영수안김아파트 263호,042-909-3845,eunji72@example.net
박하은,39545,대구광역시 금천구 도산대가 400-44 (지혜이장읍),하윤조빌라 I동 583호,016-643-7192,ogsunbae@example.com
박미영,04497,서울특별시 서대문구 도산대12가 69-55,순자김손빌라 가동 523호,043-166-0067,bagareum@example.net
김현준,55036,경기도 영동군 봉은사13로 5-70,민석백박연립,032-004-0303,gimjihu@example.org
이상훈,84221,대전광역시 금천구 서초중앙502가 329-48,준호이연립,042-334-1574,iyeonggil@example.com
이민지,96880,서울특별시 동구 서초중앙로 872 (민석양동),민재장연립 S동 068호,053-771-7094,yeongsug05@example.org
문지영,11265,부산광역시 북구 개포6거리 787-56,준영박이아파트,02-6536-9060,gsin@example.net
김지현,16129,충청남도 서천군 개포로 908 (채원윤류읍),준호김빌라,032-965-6879,jiu52@example.net
박성훈,43190,경상북도 부천시 오정구 반포대로 108,정숙양오마을 B동 938호,044-916-9042,bagseojun@example.org
박진호,31371,경상북도 고성군 학동거리 21,건우최연립 V동 383호,061-217-2473,jongsuo@example.org
김광수,21422,제주특별자치도 안성시 삼성524로 434-51,도현박권빌라 656호,031-911-1999,seosumin@example.org
김지현,29088,부산광역시 중구 봉은사길 312,영숙박연립 276호,044-813-0698,seongjingim@example.org
홍성훈,07293,전라남도 논산시 석촌호수거리 295,유진이이아파트 C동 426호,031-346-2299,nagyeonghyi@example.net
최명자,33331,세종특별자치시 노원구 봉은사86로 376-79 (선영박이면),영일나빌라 355호,017-249-0285,ccoe@example.com
김영길,45459,충청북도 제천시 테헤란길 818,지후김이빌라 712호,033-377-1320,seoyeoni@example.net
김옥순,83019,충청북도 안성시 언주6길 492,성진배아파트 U동 873호,02-4038-4848,gwangsui@example.net
최우진,13414,부산광역시 도봉구 테헤란거리 815-22 (승현이마을),미영허이마을 W동 243호,017-536-2570,jongsuan@example.net
주도현,51514,서울특별시 동대문구 역삼거리 219-86,정식고타운,017-223-1974,iminseo@example.org
이은정,10944,충청북도 철원군 영동대20길 919-26,현우김마을 935호,043-055-0113,uhwang@example.com
강미정,53844,제주특별자치도 양평군 압구정거리 126-61,민지김아파트,063-086-9915,minjun22@example.com
김시우,11747,부산광역시 영등포구 봉은사거리 599-86 (옥자박최면),서현한남마을 430호,02-5383-3261,sugja93@example.org
문준영,99910,세종특별자치시 양천구 도산대42로 619,성수김아파트,053-921-1226,jiabag@example.net
김중수,49977,경상남도 충주시 영동대804가 610-78,지민이최마을 630호,010-9009-2763,gimseongsu@example.org
최지혜,70488,광주광역시 서구 서초대거리 459-12,민재이타워 나동 595호,043-800-1985,eunyeonggim@example.net
문주원,72579,제주특별자치도 서천군 반포대길 지하753 (은영이이마을),영환한마을 321호,070-1422-4443,ijongsu@example.net
양광수,74811,충청남도 아산시 오금가 691 (민서문마을),성호김연립 559호,062-357-4811,yeongsu21@example.net
지정수,68482,인천광역시 구로구 선릉0가 920 (지훈권리),영희신타운 S동 048호,062-087-0807,jeonghogim@example.com
김지후,44802,강원도 고양시 덕양구 서초중앙078길 761-95,정웅김송마을,033-281-6961,jeonghunbaeg@example.com
김중수,98881,경기도 홍성군 강남대88거리 지하805 (지원김동),서연이박빌라 547호,011-318-6870,ggim@example.net
엄하은,11474,인천광역시 용산구 가락498길 540-93,윤서박고아파트 696호,051-742-0846,ogsunhong@example.org
최민지,82612,부산광역시 관악구 개포가 119-94,영수윤연립 946호,032-384-2638,jeongho28@example.org
박서준,82637,세종특별자치시 송파구 서초중앙거리 213-28 (승민나동),은영김빌라 T동 055호,017-371-5047,gimseohyeon@example.net
한예준,63335,대전광역시 동구 잠실3거리 892 (현준김박마을),상철이연립 A동 245호,018-361-4244,oeungyeong@example.net
김서영,17725,경상북도 의정부시 석촌호수9가 102-57 (정호서마을),혜진최오아파트 156호,018-665-3515,seohyeon62@example.org
허정웅,82001,제주특별자치도 안양시 만안구 논현94길 151,정순이타워 K동 659호,02-6286-9687,egim@example.org
이현주,81262,부산광역시 금천구 양재천로 547-16 (혜진박리),광수이백타워,010-6361-2655,mgim@example.net
윤하윤,94701,경기도 성남시 수정구 반포대가 148,우진이김타워 가동 625호,016-936-6410,gimjeongnam@example.net
조상호,77845,경상북도 고양시 일산서구 압구정가 745 (하윤강이면),정순강타운 L동 609호,010-1362-2535,minseoghwang@example.com
김윤서,98767,인천광역시 광진구 가락거리 135 (시우이동),성수강빌라 077호,054-133-8303,yeeunsong@example.org
정수진,06239,인천광역시 강동구 논현가 378-27,정순김연립 550동 910호,052-233-7298,zgim@example.net
류예진,17118,부산광역시 북구 논현길 175 (현우이리),현지오최연립,018-396-5420,anyeongceol@example.org
이도현,41984,경상남도 포천시 선릉33가 지하868,성진이윤마을 277호,061-470-4357,gimbyeongceol@example.net
강서윤,56233,광주광역시 강서구 봉은사길 289 (상호김마을),성훈김김마을 W동 181호,052-933-2314,yeonghogim@example.org
김성민,64206,전라남도 아산시 압구정길 279 (하윤박황읍),순옥임이아파트,063-652-5751,di@example.org
서광수,25727,강원도 속초시 테헤란4길 132,지현김류타운 928호,018-960-9910,ogsuni@example.com
박영희,65593,세종특별자치시 서초구 양재천길 755-93 (서준박박면),서준김마을 093호,070-9965-2977,byeongceolgim@example.net
박성진,59674,제주특별자치도 용인시 기흥구 봉은사355길 지하774 (정호최김리),수빈곽윤연립 다동 103호,018-413-1601,seohyeon02@example.net
홍지훈,12997,인천광역시 동작구 반포대1거리 420-50,예은김연립 라동 622호,033-189-4836,gi@example.org
오수민,65474,경상북도 수원시 장안구 잠실길 734-7,영진강김연립 147호,011-396-4789,zjang@example.org
배진호,08789,세종특별자치시 마포구 삼성54길 357 (영미김면),수민이지타워 511호,063-143-8787,seongsu96@example.com
남도윤,02800,울산광역시 동구 개포길 344-48 (상철백리),하은박김타워,017-928-8311,jiyeongi@example.org
한중수,13684,세종특별자치시 서대문구 잠실가 817 (민준정최동),영진윤류타운 528호,017-043-5711,hyeonusin@example.net
차도윤,78624,울산광역시 강동구 도산대길 522 (준호이리),서윤김이빌라 252호,044-874-4906,mbag@example.com
윤진우,42836,인천광역시 서초구 논현253거리 976-63 (성훈황읍),서연권연립,064-750-2039,yeongsug17@example.com
최민재,36810,전라북도 화천군 봉은사거리 507-20 (영철황이리),우진김윤아파트,032-289-3428,iseonghyeon@example.net
박미경,50807,인천광역시 영등포구 논현0길 115-59 (영순김박마을),예은김김연립,033-863-2449,sumin31@example.com
홍하은,67221,대구광역시 관악구 서초중앙9거리 470 (은영김오동),춘자박이빌라 509호,011-870-6131,yunjiweon@example.com
이민지,74112,전라북도 성남시 삼성1로 737 (정웅배면),도현신김타운 674호,062-703-6279,gwangsu87@example.com
윤경수,80222,경상남도 안산시 상록구 서초대1가 784,춘자고박아파트 312호,033-474-6343,jaehyeongim@example.org
박지현,19549,충청북도 안양시 동안구 테헤란30거리 823 (아름박면),채원김마을,062-977-3483,yhan@example.org
권우진,46733,세종특별자치시 은평구 언주836로 93,은경안아파트 929호,019-277-2551,yeongho56@example.net
박영길,95865,전라북도 성남시 수정구 테헤란2길 지하861 (영희박동),선영안박타운 Y동 757호,011-022-5896,sunogi@example.com
이진호,59101,부산광역시 남구 강남대로 427 (정웅조송면),정식곽타워 마동 384호,042-935-1797,gimdoyun@example.org
김채원,06233,인천광역시 도봉구 압구정4로 147,정웅김아파트,041-999-3901,yeeun76@example.net
윤영수,35132,충청북도 가평군 양재천246길 835-74 (지원김박리),윤서박타운 가동 417호,051-863-3437,jeongungi@example.org
이은지,29794,경상북도 옥천군 학동거리 23-57,경희이빌라 497호,018-914-5614,ryujimin@example.com
홍동현,54355,세종특별자치시 중랑구 오금4가 556 (숙자이김읍),지훈김연립,043-591-9261,eunyeongbaeg@example.net
최지아,38344,서울특별시 종로구 잠실57길 962 (윤서김양리),성수김권연립 074호,053-740-6030,honggwangsu@example.com
오진우,28619,광주광역시 성동구 서초대156길 49-51,정남심이타워 W동 830호,061-095-7801,hyeonjugim@example.net
류서현,54135,인천광역시 중랑구 학동070거리 311,은주이아파트 206호,051-308-5470,yejungim@example.com
김영미,14085,경상남도 홍성군 삼성길 43,상현김김타워,061-144-3229,gyeonghyigim@example.net
백현주,46270,대전광역시 중구 잠실거리 193,영진이아파트,044-341-5159,eunjui@example.org
김은정,44963,세종특별자치시 강북구 선릉2로 601-14 (지영박면),정자이마을 O동 899호,055-786-6788,bagminsu@example.com
성정순,12162,인천광역시 양천구 양재천73길 421,지아김강마을,054-556-2148,rgang@example.org
김예은,19373,대구광역시 서구 학동234거리 784-83,시우김아파트 D동 407호,053-364-4771,caeweoni@example.org
차지영,91472,인천광역시 남구 가락거리 지하377,영식이이아파트 483호,019-307-4463,iyun@example.org
안지아,99175,경기도 금산군 도산대4로 585 (병철김읍),서윤김타운 H동 363호,011-771-3062,seojungim@example.net
장도현,30637,세종특별자치시 마포구 백제고분가 519-83,병철구빌라,063-746-2501,minjigim@example.org
홍민재,10072,전라북도 용인시 수지구 테헤란715거리 691,영미이권타운 L동 375호,041-707-5072,di@example.net
이영자,24382,대전광역시 중구 석촌호수가 36-53,영수김이타운 113호,052-656-9090,hyeonji78@example.com
이종수,55551,전라북도 성남시 수정구 서초중앙길 지하205,도현최연립,052-399-3265,yeongceolan@example.org
이상현,16391,충청남도 고양시 일산서구 반포대길 597,진우엄빌라 F동 818호,041-354-6641,fgwag@example.org
서종수,29436,제주특별자치도 진천군 선릉29거리 235-71 (옥자유면),민준이이마을 마동 782호,070-1383-7308,byeongceol24@example.net
송명숙,16484,서울특별시 영등포구 강남대738거리 589 (지영김이읍),시우최아파트 218호,019-554-2025,ei@example.net
이서현,44944,전라북도 안산시 단원구 언주가 611-98 (명숙김곽마을),민지김아파트,016-423-4560,eunseo45@example.org
김상철,60421,대전광역시 남구 양재천길 878 (준혁박읍),성민김빌라 가동 809호,011-508-5649,jiyeon25@example.org
문동현,09068,부산광역시 서초구 언주03거리 28-41 (지혜최최마을),정식김연립,043-954-4937,gimeunju@example.org
최상호,77971,충청북도 증평군 개포로 413 (현숙김김마을),지연김남타운 277호,054-651-1406,seungminyun@example.net
허지원,08748,충청남도 용인시 처인구 영동대8로 495,민준이아파트 H동 784호,019-356-8154,yeongil02@example.com
박은영,53467,대전광역시 송파구 테헤란거리 698-77 (상현노읍),종수조김아파트 173호,018-945-6638,bagjihye@example.org
정수진,36565,충청남도 포천시 역삼468로 38 (옥자오김면),하은하아파트 754호,070-6772-3739,hyeonji53@example.net
이영진,04939,부산광역시 강동구 백제고분60거리 824 (동현남마을),지우신아파트 X동 989호,018-673-1873,junho38@example.org
유예지,69965,울산광역시 노원구 학동486길 204,영숙박빌라 V동 029호,031-870-8438,ansubin@example.net
손건우,64749,경상북도 영월군 강남대가 202-72 (은정박리),정희박김타운,052-789-1189,hayungim@example.org
백현준,48705,인천광역시 서대문구 언주9가 224 (성훈오이면),미경김타워 716호,017-711-0457,gimjieun@example.net
김지혜,00819,충청북도 안산시 반포대로 지하186 (지은김김리),지현박이연립 410호,052-867-7113,seonghungim@example.org
진영철,16545,충청남도 남양주시 봉은사034로 137 (시우이전읍),재호김연립 304호,061-714-1516,gyeonghyi04@example.org
고승현,23605,부산광역시 은평구 도산대거리 425-50,예진이빌라,070-8168-4610,gimminseo@example.net
김명숙,34211,강원도 수원시 팔달구 오금길 793,우진김곽연립 082호,054-172-6330,gimjeonghun@example.com
우미경,97450,전라남도 용인시 기흥구 서초중앙32길 210-84 (우진임동),옥자나이빌라,054-844-5844,gwangsu17@example.com
최재호,30635,전라북도 평택시 도산대90가 710,영미홍김아파트 792호,02-8915-2873,gimogsun@example.net
김민재,26368,광주광역시 서초구 서초중앙길 820,미경안김빌라 바동 107호,070-4589-8242,yejin97@example.net
박재호,69213,세종특별자치시 중구 언주911가 399,은서진류마을 697호,018-439-8966,sgim@example.net
김준서,30832,전라북도 안산시 삼성6길 지하740 (정웅박읍),수빈오이아파트 Z동 240호,070-6566-7982,gyeongsubag@example.org
홍정호,28331,전라남도 횡성군 논현898로 738-5,민석주전아파트 052호,016-734-5781,jeongsu17@example.com
이지훈,34006,전라북도 의정부시 역삼가 174-3,은서홍타워 440호,031-132-2875,rsong@example.net
김정호,91601,부산광역시 서초구 압구정563로 346-51 (하은권류읍),민수박강빌라 마동 257호,052-728-0780,ryujimin@example.com
손진우,55302,대구광역시 서구 강남대63길 657 (현주김김면),은주손서타운,033-814-8945,seongjino@example.com
이승현,17121,대구광역시 동작구 서초대가 311 (현지김박동),지영김서타워 M동 062호,053-663-0990,eunjeong73@example.org
한동현,04311,광주광역시 은평구 언주로 676 (은서황동),승현한김아파트 586호,032-635-2824,jeongja53@example.org
김서준,63732,강원도 철원군 도산대8거리 950 (예준권읍),지혜김김연립,044-909-6271,dohyeonbag@example.org
최상훈,77188,충청북도 보은군 압구정8로 725 (명숙윤김마을),예준김강아파트 009호,02-2550-2070,seonghyeon40@example.org
민재호,90884,전라북도 연천군 오금6길 404 (민재최박면),옥자양장빌라 R동 856호,051-839-7957,minjungim@example.net
김민서,21342,전라남도 양평군 개포0거리 692 (하윤한임마을),영순이박타워 701호,053-532-5700,joseungmin@example.org
이준호,37694,전라남도 보은군 논현223로 326,지훈이하연립 594호,032-327-9578,yeongil02@example.org
강준영,54145,세종특별자치시 마포구 도산대가 381-33,선영이마을 616호,053-119-5548,tgang@example.com
황하은,70107,대전광역시 중랑구 양재천길 지하107 (상철박김마을),하윤김민마을,017-872-4405,jongsu88@example.com
류정웅,96789,경상남도 가평군 양재천43길 40,아름이고마을,042-974-4141,gyeongja47@example.org
조민재,19695,충청북도 공주시 오금가 430,하윤박장아파트,061-540-1256,sna@example.com
유춘자,99559,인천광역시 강북구 도산대244가 105,지은홍심마을 N동 199호,042-058-1939,seongsuseo@example.net
이상훈,60124,강원도 안산시 단원구 오금가 211-45,영철허이마을,017-758-5272,jiyeongi@example.net
박병철,62978,인천광역시 송파구 오금4길 768,정자이이연립 407호,017-252-6973,zseo@example.org
최순옥,07023,충청남도 양주시 개포191로 729-88 (서현한우면),선영박차빌라,043-113-6716,gimsugja@example.net
박정자,79109,인천광역시 금천구 석촌호수로 306 (정순박마을),정희강김타운 010호,042-149-3389,ihyeonji@example.org
김정순,75135,경상남도 정선군 강남대7길 726 (정웅김읍),경자김빌라,031-230-8499,minseogi@example.org
이민수,24215,경상남도 고양시 일산동구 봉은사65거리 199 (채원이배동),정자송마을,018-695-2156,mgim@example.org
노현지,26989,인천광역시 북구 압구정가 574,정순최타운 459호,031-591-5220,ygim@example.org
김지후,22938,세종특별자치시 영등포구 논현거리 지하605 (정웅최김리),서영이박마을 243동 653호,02-2089-5712,sangho53@example.com
유서연,41469,광주광역시 양천구 가락가 290,지현백빌라,051-183-1445,haeun01@example.net
이명자,49461,전라남도 파주시 삼성거리 408,하윤김김빌라 나동 668호,054-546-3220,yeongceolgu@example.org
최예준,80659,충청북도 고성군 서초대26거리 227 (상호박읍),보람황아파트 Z동 749호,032-614-6442,jgim@example.net
김영철,40240,광주광역시 성동구 반포대가 381,수민권강타운,043-361-0066,jeongnam03@example.com
권수빈,18317,대전광역시 남구 압구정길 473-88 (정희홍황읍),춘자김하빌라,064-714-0910,sumin72@example.com
고은주,34428,충청북도 금산군 도산대길 617,서준김타운 C동 882호,042-233-4998,minseoi@example.net
황재현,92120,대구광역시 마포구 선릉로 641,준영김황아파트 H동 700호,018-395-8622,sumingim@example.com
김성진,74374,부산광역시 강북구 개포0거리 317,옥순박아파트,054-228-6133,jiyeongha@example.com
이미숙,77211,광주광역시 강서구 가락로 지하117,보람노아파트,053-002-6281,gimjinu@example.net
이서현,93593,광주광역시 관악구 선릉거리 26-95,경희강문빌라,043-958-3067,junseo06@example.net
김민준,29474,울산광역시 은평구 반포대5길 457 (지후신마을),수민오빌라 X동 299호,053-903-5155,yejigim@example.com
이준영,63376,강원도 보령시 잠실가 473,영식하빌라,043-444-0795,ojiweon@example.com
류영일,76109,부산광역시 서대문구 백제고분로 977-26,지우한김마을,010-9870-0738,minjaejang@example.org
김지우,42725,경기도 보령시 개포565길 409 (승현안동),선영김타운 796호,063-273-9894,jiyeong27@example.com
고정훈,47151,제주특별자치도 진천군 석촌호수195길 959-34 (민준오조동),현주박마을 891호,031-859-0164,gimminji@example.net
홍준혁,11651,서울특별시 노원구 선릉74길 859,정호이문빌라,019-373-7832,hyeonjun96@example.org
김상철,33717,강원도 양구군 테헤란2거리 487,보람김김타워 U동 626호,010-1136-4475,lheo@example.net
손지혜,19743,충청남도 옥천군 오금로 928-87 (지우박오마을),영진서김빌라 683호,016-419-6549,ubag@example.net
김영자,10560,제주특별자치도 청주시 흥덕구 개포1로 지하249,정남이김연립 Q동 188호,054-859-7602,angeonu@example.net
장성수,27639,광주광역시 남구 영동대9길 31,유진김하빌라 470호,018-849-4504,fgang@example.com
김순옥,75011,대구광역시 동구 서초중앙로 317-7 (경숙한읍),서연한빌라 A동 616호,043-567-4079,cunjagim@example.net
최영희,35785,대구광역시 동대문구 선릉길 946-55,우진송아파트,054-660-1255,ijunho@example.org
김민수,32643,충청남도 부천시 학동가 226-31,미경허김타워,031-218-4991,cyang@example.org
남성민,84117,광주광역시 강북구 강남대가 226,영자김마을,042-671-5385,junhyeog21@example.org
박도현,94837,대구광역시 마포구 도산대840로 721 (수민이노리),아름오이아파트 836호,032-475-3199,seoyeon73@example.org
이은주,24861,광주광역시 서대문구 봉은사121거리 지하710,민지이최타운,031-171-8233,seohyeon16@example.com
강영호,13911,서울특별시 은평구 학동230가 68-72 (영수박홍리),성진박이마을 194호,044-041-0885,sunjagim@example.net
김성훈,52202,부산광역시 서초구 압구정9거리 670-87 (서윤최마을),민수강송빌라,052-535-8540,gimsubin@example.net
이성훈,08443,대전광역시 서초구 압구정7거리 864 (영식김읍),시우김박빌라 243호,062-077-9246,si@example.com
이성호,80076,충청남도 광주시 영동대86로 278-40 (시우김리),민석진김타운,017-354-8502,gimhyeonjun@example.net
신은정,65859,대전광역시 종로구 가락길 91-15 (시우황마을),보람최마을,041-609-5541,minjae02@example.org
윤정수,11036,부산광역시 도봉구 잠실거리 748,영길박마을 650호,063-960-5497,ujin64@example.com
김옥순,74530,세종특별자치시 강서구 양재천로 410,순자허최연립 999호,064-729-4427,caeweoni@example.com
심윤서,69561,강원도 고성군 언주8가 872-64 (영일오읍),서준나임연립 508호,063-063-3038,di@example.com
최경희,81046,광주광역시 서초구 도산대길 955 (성훈김안읍),종수강빌라 E동 410호,063-847-5908,yueunseo@example.com
이병철,78668,광주광역시 용산구 개포거리 255-71,지은최타워,033-574-0774,minjibag@example.org
박서윤,28746,세종특별자치시 성동구 삼성로 532 (예준이김리),정자이이타운 251호,054-841-3031,iminjun@example.com
고명숙,48042,경상북도 성남시 봉은사거리 674-9,서현김최연립 나동 497호,011-177-9543,sca@example.net
장지영,18647,대구광역시 강남구 도산대5거리 650 (성훈류면),영수김김타운,042-481-6690,gyeonghyina@example.org
신현정,90140,울산광역시 중랑구 백제고분로 348 (명숙유이읍),서연이연립 56동 464호,042-008-0096,jiweon75@example.com
홍승민,16188,전라북도 원주시 석촌호수14가 244,지혜서김타워 003호,061-280-3725,minjun55@example.org
이지우,76931,울산광역시 광진구 강남대로 15-60,정호김박아파트 바동 003호,043-540-5929,jaeho67@example.net
이하은,21840,경상북도 안양시 동안구 가락71거리 574-20 (지아문문동),민석최연립 214호,042-670-8641,iyeji@example.net
이은정,73455,전라북도 옥천군 테헤란로 860-28,하은김아파트,051-885-6402,xcoe@example.com
양명숙,27515,광주광역시 동구 개포8길 지하565 (현지송동),하은최조빌라 G동 887호,016-392-2566,sumin98@example.com
이지현,46082,대전광역시 도봉구 언주861가 235,서준최타워 Q동 852호,054-162-9017,seongmincoe@example.org
김재호,28736,울산광역시 송파구 백제고분287로 779,준영한김연립 47동 055호,055-120-5749,tgim@example.org
윤수진,59912,제주특별자치도 삼척시 압구정0로 376-68 (서윤최박리),영철김이빌라 062호,053-638-8451,minjigang@example.com
최은주,59660,서울특별시 강동구 개포098로 432,민석김김아파트 758호,061-388-1105,fbag@example.com
김영미,01014,강원도 시흥시 잠실길 111 (상철김면),건우이타워,010-2492-6993,jiyeweon@example.com
김현정,71634,서울특별시 도봉구 개포가 264-55,영철김우타워 W동 277호,051-109-1586,yi@example.org
서보람,10560,부산광역시 용산구 백제고분5거리 348 (지훈노읍),지원이빌라 가동 564호,070-0487-9349,si@example.net
한상현,07719,인천광역시 서초구 반포대길 770-78 (영길김강리),경숙송연립 X동 459호,019-816-0004,pyun@example.org
임영식,71788,부산광역시 서구 오금길 153 (현우홍동),경희송타워 D동 627호,033-745-8299,junseo14@example.com
최정숙,97916,경상북도 부여군 오금3길 780-1,현우이아파트 628호,017-506-6935,mijeonggim@example.net
최예지,07848,세종특별자치시 송파구 삼성거리 714-6,미영김김아파트 D동 511호,055-515-7822,jangjihun@example.net
강서준,53217,강원도 서산시 삼성634가 187 (유진김김면),성호최마을,032-622-0093,coeeunji@example.org
김성호,95091,경상북도 강릉시 테헤란로 364-1,성민김김아파트 P동 492호,052-729-8345,csong@example.net
윤유진,21499,대전광역시 영등포구 압구정길 177-56,지원최김타워,051-596-2171,yi@example.net
김영길,05321,울산광역시 동작구 양재천9거리 798,경수김양빌라 692호,053-813-7538,seoyunbaeg@example.org
박준호,73763,충청남도 논산시 석촌호수길 121 (혜진이리),준영이배마을 320호,010-8136-7955,seonghunbae@example.net
김윤서,15885,경상북도 고성군 언주1길 지하56 (광수김면),은서김빌라 526호,041-452-9598,gyun@example.org
이정순,58231,세종특별자치시 서대문구 서초중앙길 지하720 (지연고면),성훈김이마을 U동 973호,019-965-7366,migyeong76@example.org
박서영,91100,대전광역시 구로구 영동대201길 845-8 (경숙노한리),은주서마을 668동 486호,031-335-0550,gimseonghun@example.net
김영희,42250,제주특별자치도 정선군 강남대93길 지하685 (준혁이이읍),우진김연립 448호,043-104-0934,gimjiweon@example.com
심은서,03470,세종특별자치시 관악구 압구정31길 33 (은서손리),예진박타워 I동 272호,055-660-3222,eunyeong14@example.org
이미영,37674,경기도 금산군 석촌호수로 지하643 (민수송리),영진김홍마을 722호,033-649-1547,dson@example.net
하경수,73540,대전광역시 강동구 역삼가 57,예지강김아파트 398호,017-337-5077,yeongho90@example.org
이은영,95404,광주광역시 서초구 도산대14가 822-11 (유진최읍),옥순김류연립,017-131-3542,jieun47@example.com
김숙자,95499,충청북도 안산시 논현87거리 499 (지영박마을),은주김아파트 D동 605호,018-348-9446,donghyeon29@example.org
김영자,53149,대구광역시 북구 압구정7거리 203 (예은김마을),지연김연립,062-676-6713,sgweon@example.net
한은주,76920,경기도 계룡시 학동가 948,지후최김마을 V동 542호,016-167-3758,siugim@example.com
김지민,57472,서울특별시 중구 선릉거리 469,보람허아파트,031-221-8819,ajin@example.org
박지혜,60542,대전광역시 강서구 영동대길 443-4 (성호양리),현주성이연립,061-180-0955,ucoe@example.org
최현정,31501,세종특별자치시 중구 압구정로 277-89 (승민오정면),종수김신타워,02-4385-3663,jaehogim@example.net
김수빈,31138,충청북도 고양시 일산동구 학동길 446,정희양아파트 381호,031-616-0303,gimsanghun@example.org
지지현,87397,충청북도 부천시 소사구 잠실9거리 863-75,승민김마을,062-764-3673,gimyeonghwan@example.net
이준호,90403,전라남도 광주시 언주가 812 (경숙김신마을),미경이연립 627호,062-829-6791,qi@example.net
이은영,74556,충청남도 홍천군 역삼65로 243-57 (윤서이백동),상훈장김빌라 917호,070-1950-9108,eomyeongsun@example.org
이영길,97831,경상남도 충주시 잠실가 283-94 (민지김박리),민수지연립,051-178-3779,icaeweon@example.net
김준호,43131,세종특별자치시 동작구 백제고분거리 309-10,보람최김타운,017-706-1005,gimsiu@example.org
한은서,00093,대구광역시 관악구 오금16로 270-23,정자백정마을,064-725-3930,gimjiu@example.org
윤재현,83647,서울특별시 서대문구 서초대가 251 (성호조면),정호양박아파트,044-350-9361,gbag@example.net
유예지,46214,부산광역시 서구 도산대4거리 899,영일황아파트 S동 779호,042-999-4084,bi@example.org
김예준,67852,울산광역시 관악구 오금로 634 (병철최김읍),도현류이연립 523호,063-604-5738,pbag@example.org
이동현,15539,경상북도 여주시 석촌호수3거리 610,선영김박타워 N동 472호,055-434-1980,yeongsuni@example.net
최예원,85045,충청남도 안양시 만안구 가락가 92 (정호안마을),민지윤연립 411호,011-710-6000,gimyeji@example.com
하서현,12959,대전광역시 도봉구 압구정995로 525 (예진이곽마을),보람최송빌라 F동 939호,016-611-6712,baggyeongja@example.net
송은정,65708,부산광역시 중랑구 논현36길 825-30,정웅이타운 960호,011-701-8878,qgim@example.net
박종수,04822,울산광역시 강북구 삼성가 771-80 (경수오리),정남최타워,033-337-1003,sujin34@example.org
강주원,93266,부산광역시 용산구 반포대가 660-64,서준이김연립 211호,055-882-5550,seonghunhwang@example.com
이수민,24429,전라북도 부천시 소사구 오금26길 606-3 (예준김권리),상호이연립 168호,011-781-6593,minjaesin@example.com
김미경,10843,전라북도 진천군 반포대로 982-75 (민지최리),지원황아파트,070-6028-2247,yeongmigim@example.org
신순옥,93972,울산광역시 강서구 가락거리 450,지영오김빌라,054-088-1334,seongsuo@example.com
이병철,15234,전라북도 양양군 서초중앙거리 916,영환이타운 마동 012호,033-162-4487,iseonghyeon@example.org
장현우,12210,대전광역시 마포구 서초대5거리 지하981 (숙자이김마을),은지박마을 라동 761호,02-6848-0078,jiyeon38@example.net
김경수,26645,대전광역시 성동구 영동대49가 지하789 (은경박박면),지현김빌라,02-3551-6750,hwangyejun@example.org
이정숙,34821,인천광역시 용산구 가락194로 525 (정남강마을),예진김타운 271호,061-996-9202,junyeonggim@example.org
